language,unigram,tf,idf,tfidf
c,mruby,0.0116986122573004,3.30258442034133,0.0386356545805744
c,vm_c,0.00741004188434672,3.30258442034133,0.0244722888813202
c,fa,0.0140742454429624,1.51082495111327,0.0212637211833198
c,fd,0.0116813474812418,1.35667427128601,0.0158477835817525
c,mrb_vm_exec,0.00324232494380315,3.30258442034133,0.0107080518450884
c,mrb_vm_run,0.00314564219787505,3.30258442034133,0.0103887489146704
c,error,0.00947836205616577,0.999999327347282,0.00947835568051977
c,mrb_run,0.00268985210992828,3.30258442034133,0.00888346367127139
c,00,0.00801430904639736,0.999999327347282,0.0080143036555506
c,x86_64,0.00719941161643192,0.999999327347282,0.00719940677372813
c,ieee80211,0.001885313545598,3.30258442034133,0.00622640714315042
c,rt2x00usb_vendor_request,0.001885313545598,3.30258442034133,0.00622640714315042
c,ecall,0.0018473310382691,3.30258442034133,0.00610096670620051
c,gc_c,0.00163324781514259,3.30258442034133,0.00539393878884643
c,redzone,0.00162288894950744,3.30258442034133,0.00535972776058736
c,mongoose,0.002019978798855,2.60943723978138,0.0052710079013011
c,redcarpet,0.00199235515716126,2.60943723978138,0.00519892574196707
c,https,0.00493082004233323,0.999999327347282,0.00493081672560373
c,failed,0.00491700822148636,0.999999327347282,0.00491700491404742
c,beanstalkd,0.00147441187540356,3.30258442034133,0.00486936968887405
c,0x07,0.00134665253257,3.30258442034133,0.00444743367367887
c,lwan_response_c,0.00134319957735828,3.30258442034133,0.00443602999759252
c,c,0.00420224649266074,0.999999327347282,0.00420224366600822
c,libsodium,0.00126723456270049,3.30258442034133,0.00418514912369268
c,http,0.00403995759771,0.999999327347282,0.00403995488022154
c,r5,0.00121544023452472,3.30258442034133,0.00401409398239734
c,mrb_funcall_with_block,0.00120853432410128,3.30258442034133,0.00399128663022463
c,lwan,0.0011740047719841,3.30258442034133,0.00387724986936107
c,mongoose_c,0.00110494566774974,3.30258442034133,0.00364917634763395
c,r4,0.00137427617426374,2.60943723978138,0.0035860874268681
c,mrb,0.00107041611563256,3.30258442034133,0.00353513958677039
c,22699,0.00101862178745679,3.30258442034133,0.00336408444547505
c,request,0.00335281951057813,0.999999327347282,0.00335281725529497
c,log_request,0.00128449933875908,2.60943723978138,0.0033518204090325
c,r6,0.000970280414492744,3.30258442034133,0.00320443298026606
c,code,0.0031939835708391,0.999999327347282,0.00319398142239737
c,phy0,0.000963374504069308,3.30258442034133,0.00318162562809335
c,lib,0.00308694195927585,0.999999327347282,0.00308693988283595
c,mrb_funcall_argv,0.000932297907163846,3.30258442034133,0.00307899254331614
c,phy1,0.000921939041528692,3.30258442034133,0.00304478151505708
c,r7,0.000897768355046667,3.30258442034133,0.00296495578245258
c,ruby,0.00257590458794159,1.10535984300511,0.00284730149092325
c,read,0.00283142327360872,0.999999327347282,0.00283142136904416
c,b,0.00269675802035172,0.999999327347282,0.00269675620637011
c,file,0.00268985210992828,0.999999327347282,0.00268985030059195
c,connection,0.00267604028908141,0.999999327347282,0.00267603848903564
c,github_com,0.00265877551302282,0.999999327347282,0.00265877372459025
c,kernel,0.00214083223126513,1.22314287866149,0.00261854369808093
c,gems,0.00114292817507864,2.20397213167322,0.00251898184637745
c,addresssanitizer,0.000756197191366231,3.30258442034133,0.00249740506291198
c,usr,0.00249648661807208,0.999999327347282,0.00249648493880357
c,make,0.00248958070764864,0.999999327347282,0.00248957903302541
c,issue,0.00247231593159005,0.999999327347282,0.00247231426858002
c,0x0438,0.000732026504884205,3.30258442034133,0.00241757933030749
c,00000000,0.00136391730862859,1.69314650790723,0.00230931182817872
c,peer,0.00186804876953941,1.22314287866149,0.00228489054945449
c,src,0.00226513861888697,0.999999327347282,0.00226513709523533
c,usb,0.00116364590634895,1.91629005922144,0.00222988308279021
c,build,0.00219607951465262,0.999999327347282,0.00219607803745376
c,p,0.00211320858957138,0.999999327347282,0.00211320716811588
c,test,0.00211320858957138,0.999999327347282,0.00211320716811588
c,function,0.00210284972393623,0.999999327347282,0.00210284830944865
c,pi1,0.000631890803744385,3.30258442034133,0.00208687272380316
c,include,0.00205450835097218,0.999999327347282,0.00205450696900155
c,end,0.00201652584364328,0.999999327347282,0.00201652448722169
c,offset,0.00198890220194954,0.999999327347282,0.00198890086410907
c,n,0.0019819962915261,0.999999327347282,0.00198199495833091
c,esp8266_sdk,0.000593908296415487,3.30258442034133,0.00196143228685325
c,reset,0.00196127856025579,0.999999327347282,0.00196127724099644
c,isrc,0.000749291280942795,2.60943723978138,0.00195522857193562
c,vendor,0.00195437264983236,0.999999327347282,0.00195437133521828
c,japronto,0.000590455341203769,3.30258442034133,0.00195002861076689
c,71,0.00194746673940892,0.999999327347282,0.00194746542944013
c,104,0.00193365491856205,0.999999327347282,0.00193365361788381
c,$,0.00190948423208003,0.999999327347282,0.00190948294766027
c,3,0.00189912536644487,0.999999327347282,0.00189912408899303
c,bin,0.00183351921742223,0.999999327347282,0.00183351798410055
c,hackerone_com,0.000552472833874872,3.30258442034133,0.00182458817381697
c,6,0.00182316035178708,0.999999327347282,0.00182315912543331
c,1_0,0.00179553671009333,0.999999327347282,0.00179553550232069
c,0x06,0.000538661013028,3.30258442034133,0.00177897346947155
c,bytes,0.00177827193403474,0.999999327347282,0.00177827073787529
c,2604,0.000535208057816282,3.30258442034133,0.00176756979338519
c,0_1,0.00173683647149413,0.999999327347282,0.00173683530320636
c,k,0.00173338351628241,0.999999327347282,0.00173338235031728
c,hal,0.00065606149022641,2.60943723978138,0.00171195128418326
c,array_c,0.000514490326545974,3.30258442034133,0.00169914773686706
c,127_0,0.00153311211400277,1.10535984300511,0.00169464056564333
c,reviewable,0.000883956534199795,1.91629005922144,0.0016939171192709
c,libclang_rt_asan_osx_dynamic_dylib,0.000511037371334256,3.30258442034133,0.0016877440607807
c,11194,0.000507584416122538,3.30258442034133,0.00167634038469434
c,r8,0.000873597668564641,1.91629005922144,0.00167406652802945
c,s,0.00166432441204805,0.999999327347282,0.00166432329253571
c,mirb,0.000493772595275667,3.30258442034133,0.00163072568034892
c,stack,0.00159871826302541,0.999999327347282,0.00159871718764323
c,r3,0.000607720117262359,2.60943723978138,0.00158580750534871
c,raspberrypi,0.000600814206838923,2.60943723978138,0.0015677869655152
c,version,0.00153656506921449,0.999999327347282,0.00153656403563982
c,line,0.0015193002931559,0.999999327347282,0.00151929927119443
c,thread,0.00151584733794418,0.999999327347282,0.00151584631830535
c-sharp,sparkleshare,0.00566550039376403,3.30258442034133,0.0187107933338827
c-sharp,git,0.00854526719142417,0.999999327347282,0.00854526144342697
c-sharp,https,0.00639033965576012,0.999999327347282,0.00639033535728078
c-sharp,my_project_folder,0.00175136837898515,3.30258442034133,0.00578404192271479
c-sharp,msbuild,0.00219410803631249,2.60943723978138,0.00572538721805741
c-sharp,reactiveui,0.00172394202853124,3.30258442034133,0.0056934640849989
c-sharp,22,0.00519925243604763,0.999999327347282,0.00519924893875635
c-sharp,error,0.0049014806311195,0.999999327347282,0.00490147733412524
c-sharp,buildagent,0.00145751462412187,3.30258442034133,0.00481356509004452
c-sharp,29495d0a71cf35ac,0.00143792437379765,3.30258442034133,0.00474886663453317
c-sharp,c,0.00453710197508904,0.999999327347282,0.00453709892319506
c-sharp,work,0.00452926587495935,0.999999327347282,0.00452926282833635
c-sharp,cmd,0.00451359367469998,0.999999327347282,0.00451359063861892
c-sharp,pushsharp,0.00135564532243593,3.30258442034133,0.0044771331213855
c-sharp,code,0.00447049512398669,0.999999327347282,0.004470492116896
c-sharp,mahapps_metro,0.00133605507211171,3.30258442034133,0.00441243466587415
c-sharp,0x00000,0.00166125322749374,2.60943723978138,0.00433493603652918
c-sharp,version,0.00419231356938279,0.999999327347282,0.00419231074941167
c-sharp,issue,0.0039689847156867,0.999999327347282,0.00396898204593834
c-sharp,ilspy,0.00119892331984218,3.30258442034133,0.00395954547729469
c-sharp,bso,0.00116757891932343,3.30258442034133,0.00385602794847653
c-sharp,project,0.00384752516367654,0.999999327347282,0.00384752257562828
c-sharp,build,0.00376524611231482,0.999999327347282,0.00376524357961179
c-sharp,exception,0.00368296706095311,0.999999327347282,0.0036829645835953
c-sharp,opserver,0.000983430566275776,3.30258442034133,0.00324786246666983
c-sharp,github_com,0.00316970250245858,0.999999327347282,0.00316970037034957
c-sharp,file,0.00316578445239373,0.999999327347282,0.00316578232292022
c-sharp,system_string,0.000952086165757026,3.30258442034133,0.00314434493785166
c-sharp,http,0.00311484980155076,0.999999327347282,0.00311484770633858
c-sharp,int32,0.00152412147522421,1.91629005922144,0.00292065883201807
c-sharp,notifications_sparkleshare_org,0.00086197101426562,3.30258442034133,0.00284673204249945
c-sharp,message,0.00284450434707655,0.999999327347282,0.00284450243371297
c-sharp,windows,0.00283666824694686,0.999999327347282,0.00283666633885425
c-sharp,servicestack,0.000842380763941402,3.30258442034133,0.0027820335869881
c-sharp,4,0.00274263504539061,0.999999327347282,0.00274263320054969
c-sharp,dotnet,0.00123026772036093,2.20397213167322,0.00271147577017263
c-sharp,assembly,0.00158289222619687,1.69314650790723,0.00268006844517872
c-sharp,openra,0.000811036363422652,3.30258442034133,0.00267851605816994
c-sharp,nuget,0.000799282213228121,3.30258442034133,0.00263969698486313
c-sharp,change,0.0025898310928617,0.999999327347282,0.00258982935080478
c-sharp,string,0.00256632279247264,0.999999327347282,0.00256632106622864
c-sharp,task,0.00251930619169452,0.999999327347282,0.00251930449707636
c-sharp,bot,0.00204130408378358,1.22314287866149,0.00249680655326251
c-sharp,asyncprotocolrequest,0.000752265612449996,3.30258442034133,0.00248442069163588
c-sharp,resource_openra_net,0.000752265612449996,3.30258442034133,0.00248442069163588
c-sharp,add,0.00247620764098124,0.999999327347282,0.00247620597535344
c-sharp,asyncrequest,0.000748347562385152,3.30258442034133,0.00247148100053361
c-sharp,intptr,0.000944250065627339,2.60943723978138,0.00246396128491399
c-sharp,nuget_targets,0.000728757312060934,3.30258442034133,0.00240678254502226
c-sharp,type,0.00240568273981405,0.999999327347282,0.00240568112162502
c-sharp,system_object,0.00072483926199609,3.30258442034133,0.00239384285391999
c-sharp,x,0.00237825638936014,0.999999327347282,0.00237825478961952
c-sharp,public,0.00237042028923046,0.999999327347282,0.00237041869476081
c-sharp,korebuild_proj,0.000709167061736715,3.30258442034133,0.00234208408951091
c-sharp,mvcprecompilation,0.000709167061736715,3.30258442034133,0.00234208408951091
c-sharp,object,0.00230773148819296,0.999999327347282,0.0023077299358911
c-sharp,bug,0.00222153438676639,0.999999327347282,0.00222153289244525
c-sharp,porcelain,0.000842380763941402,2.60943723978138,0.00219813973550418
c-sharp,xaml,0.000834544663811714,2.60943723978138,0.00217769192401112
c-sharp,var,0.00212750118521014,0.999999327347282,0.00212749975414069
c-sharp,fix,0.0020334679836539,0.999999327347282,0.00203346661583613
c-sharp,14,0.00202954993358905,0.999999327347282,0.00202954856840677
c-sharp,ienumerable,0.000607297760050778,3.30258442034133,0.00200565212085189
c-sharp,class,0.00200212358313515,0.999999327347282,0.00200212223640128
c-sharp,added,0.00195510698235702,0.999999327347282,0.001955105667249
c-sharp,unknown,0.00193159868196796,0.999999327347282,0.00193159738267285
c-sharp,notification,0.00157897417613202,1.22314287866149,0.00193131101912628
c-sharp,time,0.00192376258183827,0.999999327347282,0.00192376128781414
c-sharp,files,0.00191984453177343,0.999999327347282,0.00191984324038478
c-sharp,true,0.00191200843164374,0.999999327347282,0.00191200714552607
c-sharp,filename,0.00190025428144921,0.999999327347282,0.001900253003238
c-sharp,11,0.00189241818131952,0.999999327347282,0.00189241690837929
c-sharp,behavior,0.00186499183086561,0.999999327347282,0.00186499057637379
c-sharp,core_ignorecase,0.000560281159272653,3.30258442034133,0.00185037582762464
c-sharp,set,0.00183364743034687,0.999999327347282,0.00183364619693894
c-sharp,problem,0.00182581133021718,0.999999327347282,0.00182581010208022
c-sharp,master,0.00181405718002265,0.999999327347282,0.00181405595979215
c-sharp,test,0.00179446692969843,0.999999327347282,0.00179446572264537
c-sharp,inlaga,0.000536772858883591,3.30258442034133,0.00177273768101102
c-sharp,config,0.00176704057924452,0.999999327347282,0.00176703939063987
c-sharp,3,0.00175136837898515,0.999999327347282,0.00175136720092245
c-sharp,ms,0.00172786007859608,0.999999327347282,0.00172785891634631
c-sharp,30319,0.000521100658624216,3.30258442034133,0.00172097891660194
c-sharp,property,0.00170435177820702,0.999999327347282,0.00170435063177017
c-sharp,server,0.00168084347781796,0.999999327347282,0.00168084234719403
c-sharp,net,0.00151628537509452,1.10535984300511,0.00167604096416542
c-sharp,issues,0.00166908932762343,0.999999327347282,0.00166908820490596
c-sharp,user,0.00166908932762343,0.999999327347282,0.00166908820490596
c-sharp,stack,0.00166517127755858,0.999999327347282,0.0016651701574766
c-sharp,pr,0.00166125322749374,0.999999327347282,0.00166125211004724
c-sharp,ctor,0.00063080606043984,2.60943723978138,0.0016460488251915
c-sharp,assets,0.00163774492710468,0.999999327347282,0.0016377438254711
c-sharp,request,0.00163382687703983,0.999999327347282,0.00163382577804175
c-sharp,c#,0.00108138181789687,1.51082495111327,0.00163377863215882
c-sharp,botbuilder,0.00049367430817031,3.30258442034133,0.00163040107888605
c-sharp,end,0.00162990882697499,0.999999327347282,0.00162990773061239
c-sharp,ssh,0.00144576047392734,1.10535984300511,0.00159808557048331
c-sharp,make,0.00159072832632655,0.999999327347282,0.00159072725631882
c-sharp,cloud_githubusercontent_com,0.00156722002593749,0.999999327347282,0.00156721897174268
c-sharp,current,0.00156722002593749,0.999999327347282,0.00156721897174268
go,dbg,0.0101004992782074,2.60943723978138,0.0263566189569393
go,andlabs,0.00528701600816499,3.30258442034133,0.0174608166986609
go,github_com,0.0151254631885764,0.999999327347282,0.0151254530143924
go,serf,0.00354919683330728,3.30258442034133,0.0117215221664054
go,default,0.0108039022775545,0.999999327347282,0.0108038950102803
go,vuls,0.00267568984065394,3.30258442034133,0.00883669158140925
go,src,0.00810062800555367,0.999999327347282,0.00810062255664422
go,peco,0.00241823514808242,3.30258442034133,0.00798642572477881
go,docker,0.00710299107183905,1.10535984300511,0.0078513610960347
go,c,0.00670301681730831,0.999999327347282,0.00670301230850583
go,https,0.00624327629485918,0.999999327347282,0.00624327209530241
go,test,0.00605018527543055,0.999999327347282,0.00605018120575698
go,docker_machine,0.00230330001747014,2.60943723978138,0.00601031683997569
go,o,0.00599961381796114,0.999999327347282,0.0059996097823046
go,ssh,0.00541114594922626,1.10535984300511,0.00598126343691446
go,error,0.00564561361567531,0.999999327347282,0.00564560981813797
go,machine,0.00547550962236913,0.999999327347282,0.0054755059392527
go,0x0,0.00479049624391993,1.10535984300511,0.0052952221760959
go,cobra,0.00159529961289848,3.30258442034133,0.00526861164733507
go,local,0.00517208087755271,0.999999327347282,0.00517207739853845
go,ui,0.00513530163575678,0.999999327347282,0.00513529818148218
go,users,0.00492382099543018,0.999999327347282,0.0049238176834086
go,command,0.00486405472751179,0.999999327347282,0.00486405145569216
go,obj_test,0.00131026048898002,3.30258442034133,0.00432724587749422
go,golearn,0.00123670200538816,3.30258442034133,0.00408431277559981
go,usr,0.00393078146694006,0.999999327347282,0.00393077882288922
go,hashicorp,0.00115854611657181,3.30258442034133,0.003826196354837
go,version,0.0036457423430216,0.999999327347282,0.0036457398907031
go,goroutine,0.00108039022775545,3.30258442034133,0.00356807993407418
go,run,0.00322737846759289,0.999999327347282,0.00322737629668799
go,libmachine,0.000960857691918681,3.30258442034133,0.00317331364349576
go,goquery,0.000947065476245207,3.30258442034133,0.00312776368689056
go,http,0.00307106668996019,0.999999327347282,0.00307106462419883
go,control_go,0.000924078450122751,3.30258442034133,0.00305184709254856
go,sjwhitworth,0.000901091424000294,3.30258442034133,0.00297593049820655
go,x86_64_w64_mingw32,0.00150335150840865,1.91629005922144,0.00288085755107906
go,antony,0.00108039022775545,2.60943723978138,0.00281921049380097
go,type,0.00277683275559274,0.999999327347282,0.00277683088774864
go,bin,0.00277223535036825,0.999999327347282,0.00277223348561661
go,proxyname,0.000836727750857416,3.30258442034133,0.00276336403404894
go,file,0.00271706648767436,0.999999327347282,0.0027170646600322
go,err,0.00266189762498046,0.999999327347282,0.00266189583444779
go,future_architect,0.000799948509061486,3.30258442034133,0.00264189748310174
go,go_build194176823,0.000799948509061486,3.30258442034133,0.00264189748310174
go,info,0.00260672876228657,0.999999327347282,0.00260672700886338
go,running,0.00257914433093962,0.999999327347282,0.00257914259607117
go,packetbeat,0.000772364077714538,3.30258442034133,0.00255079756989133
go,go_build162267415,0.000758571862041064,3.30258442034133,0.00250524761328613
go,frps,0.000749377051592081,3.30258442034133,0.00247488097554933
go,memberlist,0.000749377051592081,3.30258442034133,0.00247488097554933
go,frp,0.000937870665796225,2.60943723978138,0.00244731464142723
go,gopath,0.000726390025469625,3.30258442034133,0.00239896438120732
go,code,0.00237226109583751,0.999999327347282,0.00237225950012964
go,x,0.00236766369061302,0.999999327347282,0.0023676620979976
go,nil,0.00211940380849049,1.10535984300511,0.00234270386101747
go,appdata,0.00183896208979652,1.22314287866149,0.00224931338426307
go,bbigras,0.000836727750857416,2.60943723978138,0.00218338855264586
go,exit,0.00217457267118438,0.999999327347282,0.00217457120845217
go,$,0.00216078045551091,0.999999327347282,0.00216077900205606
go,tcp,0.00174701398530669,1.22314287866149,0.00213684771504991
go,main_go,0.000643636731428782,3.30258442034133,0.00212566464157611
go,spf13,0.000809143319510468,2.60943723978138,0.00211140871025094
go,server,0.00211020899804151,0.999999327347282,0.00211020757860369
go,output,0.00208722197191905,0.999999327347282,0.00208722056794352
go,temp,0.00188033873681694,1.10535984300511,0.0020784509309244
go,make,0.00207802716147007,0.999999327347282,0.00207802576367945
go,calling,0.00207342975624558,0.999999327347282,0.00207342836154741
go,fatedier,0.000625247110530816,3.30258442034133,0.00206493136610251
go,failed,0.00204124791967414,0.999999327347282,0.00204124654662317
go,issue,0.0020090660831027,0.999999327347282,0.00200906473169894
go,add,0.00199067646220473,0.999999327347282,0.0019906751231708
go,pull,0.00195849462563329,0.999999327347282,0.00195849330824656
go,package,0.00194010500473533,0.999999327347282,0.00194010369971842
go,filebeat,0.000579273058285903,3.30258442034133,0.0019130981774185
go,br,0.00191252057338838,0.999999327347282,0.00191251928692622
go,id_rsa,0.000859714776979873,2.20397213167322,0.00189478740965129
go,home,0.00189413095249041,0.999999327347282,0.00189412967839808
go,lib,0.00188033873681694,0.999999327347282,0.00188033747200198
go,00,0.00186194911591898,0.999999327347282,0.00186194786347384
go,connectionattempts,0.000560883437387938,3.30258442034133,0.0018523649019449
go,connecttimeout,0.000560883437387938,3.30258442034133,0.0018523649019449
go,mingw64,0.00095626028669419,1.91629005922144,0.00183247208142032
go,os,0.00182976727934754,0.999999327347282,0.0018297660485496
go,passwordauthentication,0.000551688626938956,3.30258442034133,0.00182199826420809
go,p,0.00179298803755161,0.999999327347282,0.00179298683149333
go,cmd,0.00178839063232711,0.999999327347282,0.0017883894293613
go,3,0.00177919582187813,0.999999327347282,0.00177919462509723
go,dev,0.00176540360620466,0.999999327347282,0.00176540241870112
go,10,0.00176080620098017,0.999999327347282,0.00176080501656909
go,net,0.0015861048024495,1.10535984300511,0.00175321655542522
go,d,0.00172402695918424,0.999999327347282,0.00172402579951282
go,msys64,0.00078155888816352,2.20397213167322,0.0017225340087739
go,time,0.00171942955395975,0.999999327347282,0.00171942839738078
go,set,0.00171023474351076,0.999999327347282,0.00171023359311671
go,ip,0.00150794891363315,1.10535984300511,0.00166682617443326
go,daemon02,0.000501117169469551,3.30258442034133,0.00165498175665569
go,work,0.00164587107036788,0.999999327347282,0.00164586996326824
go,frpc,0.00049651976424506,3.30258442034133,0.00163979843778728
go,identitiesonly,0.00049651976424506,3.30258442034133,0.00163979843778728
go,puerkitobio,0.000491922359020569,3.30258442034133,0.00162461511891888
haskell,ghcjs,0.00464185061912595,3.30258442034133,0.0153301035362771
haskell,cabal,0.00542824472584601,2.60943723978138,0.0141646639342695
haskell,ihaskell,0.00313707486896974,3.30258442034133,0.0103604545877038
haskell,ghc,0.00335386459568716,2.60943723978138,0.0087516991731704
haskell,stack,0.00873109997407025,0.999999327347282,0.00873109410107212
haskell,build,0.00859507504750245,0.999999327347282,0.00859506926600186
haskell,yesod,0.0022741667410553,3.30258442034133,0.00751062764826764
haskell,type,0.00697127748659942,0.999999327347282,0.00697127279735067
haskell,elm,0.00263123217329576,2.60943723978138,0.00686603521950885
haskell,x,0.00660145971749323,0.999999327347282,0.00660145527700341
haskell,idris,0.00197236143523301,3.30258442034133,0.00651389014728259
haskell,https,0.00601910300062486,0.999999327347282,0.00601909895185887
haskell,hakyll,0.00176832404538132,3.30258442034133,0.00584003944239129
haskell,nul,0.00245695023613077,2.20397213167322,0.00541504984934015
haskell,stack_work,0.00158979132926109,3.30258442034133,0.0052504200756114
haskell,version,0.00519870266226286,0.999999327347282,0.00519869916534138
haskell,error,0.00519020110435237,0.999999327347282,0.00519019761314949
haskell,haskell,0.00379169482807725,1.35667427128601,0.00514409481782065
haskell,install,0.00478637710360424,0.999999327347282,0.00478637388403467
haskell,$,0.00472261541927558,0.999999327347282,0.00472261224259548
haskell,3,0.00465885373494693,0.999999327347282,0.0046588506011563
haskell,package,0.00453133036628962,0.999999327347282,0.00453132731827794
haskell,cabal_1,0.0013474969288122,3.30258442034133,0.00445022236355297
haskell,code,0.00430603908166171,0.999999327347282,0.00430603618519282
haskell,dist,0.00369817769106189,1.10535984300511,0.00408781711199716
haskell,github_com,0.00388946274404785,0.999999327347282,0.00388946012779016
haskell,4,0.00354940042762836,0.999999327347282,0.00354939804011452
haskell,file,0.0035238957538969,0.999999327347282,0.00352389338353884
haskell,compiling,0.00311582097419352,0.999999327347282,0.00311581887832807
haskell,purescript,0.000939422149108824,3.30258442034133,0.00310252095377037
haskell,ghc_7,0.000926669812243094,3.30258442034133,0.00306040528471466
haskell,bin,0.00304780851090962,0.999999327347282,0.00304780646079295
haskell,import,0.00294153903702854,0.999999327347282,0.00294153705839431
haskell,ghcjs_boot,0.000884162022690658,3.30258442034133,0.00292001972119564
haskell,ipython,0.00109670097045284,2.60943723978138,0.00286177235320401
haskell,x86_64_osx,0.000837403454182979,3.30258442034133,0.00276559560132472
haskell,stack_yaml,0.000833152675227735,3.30258442034133,0.00275155704497282
haskell,1_0,0.00271199697344538,0.999999327347282,0.00271199514921325
haskell,work,0.00267799074180344,0.999999327347282,0.00267798894044568
haskell,issue,0.0026652384049377,0.999999327347282,0.00266523661215785
haskell,src,0.00264823528911673,0.999999327347282,0.00264823350777407
haskell,main,0.00261422905747478,0.999999327347282,0.0026142272990065
haskell,users,0.0026057274995643,0.999999327347282,0.00260572574681461
haskell,list,0.00257597204687759,0.999999327347282,0.00257597031414299
haskell,function,0.00257172126792235,0.999999327347282,0.00257171953804705
haskell,home,0.00257172126792235,0.999999327347282,0.00257171953804705
haskell,5,0.00256321971001186,0.999999327347282,0.00256321798585515
haskell,haddock,0.000769390990899082,3.30258442034133,0.00254097869969429
haskell,run,0.00240594088866785,0.999999327347282,0.00240593927030517
haskell,nat,0.00125397979179685,1.91629005922144,0.00240298900948487
haskell,b,0.00239318855180212,0.999999327347282,0.00239318694201733
haskell,failed,0.00239318855180212,0.999999327347282,0.00239318694201733
haskell,x86_64_linux,0.0010839486335871,2.20397213167322,0.00238899258059124
haskell,http,0.00238468699389163,0.999999327347282,0.00238468538982544
haskell,notebookapp,0.00071838164343616,3.30258442034133,0.00237251602347146
haskell,c,0.00231242375165249,0.999999327347282,0.00231242219619437
haskell,monad,0.000692876969704698,3.30258442034133,0.00228828468536005
haskell,0_1,0.0022741667410553,0.999999327347282,0.00227416521133086
haskell,module,0.00226991596210005,0.999999327347282,0.00226991443523491
haskell,make,0.0021763988250847,0.999999327347282,0.00217639736112411
haskell,case,0.00214239259344275,0.999999327347282,0.00214239115235655
haskell,test,0.00209988480389031,0.999999327347282,0.00209988339139709
haskell,warning,0.00207438013015885,0.999999327347282,0.00207437873482142
haskell,configure,0.00206587857224836,0.999999327347282,0.00206587718262953
haskell,f,0.00206162779329312,0.999999327347282,0.00206162640653358
haskell,string,0.00206162779329312,0.999999327347282,0.00206162640653358
haskell,ghci,0.000620613727465558,3.30258442034133,0.00204962922737771
haskell,data,0.00204462467747215,0.999999327347282,0.0020446233021498
haskell,n,0.00202337078269593,0.999999327347282,0.00202336942167007
haskell,y,0.00198086299314349,0.999999327347282,0.00198086166071062
haskell,@,0.00195110754045679,0.999999327347282,0.001951106228039
haskell,read_hs,0.00058660749582361,3.30258442034133,0.00193732077656249
haskell,system,0.00193410442463581,0.999999327347282,0.00193410312365522
haskell,ghc_8,0.000735384759257134,2.60943723978138,0.00191894037637323
haskell,line,0.00188309507717289,0.999999327347282,0.00188309381050387
haskell,issues,0.00187884429821765,0.999999327347282,0.00187884303440792
haskell,files,0.00185759040344143,0.999999327347282,0.0018575891539282
haskell,debug,0.00185333962448619,0.999999327347282,0.00185333837783225
haskell,foo,0.00182358417179948,0.999999327347282,0.00182358294516063
haskell,process,0.00180658105597851,0.999999327347282,0.00180657984077685
haskell,usr,0.00178957794015753,0.999999327347282,0.00178957673639307
haskell,exitfailure,0.000539848927315931,3.30258442034133,0.00178289665669157
haskell,running,0.00177257482433656,0.999999327347282,0.00177257363200929
haskell,lib,0.00176832404538132,0.999999327347282,0.00176832285591334
haskell,packages,0.00176832404538132,0.999999327347282,0.00176832285591334
haskell,found,0.00176407326642607,0.999999327347282,0.0017640720798174
haskell,hackage,0.000531347369405444,3.30258442034133,0.00175481954398777
haskell,problem,0.0017470701506051,0.999999327347282,0.00174706897543361
haskell,linking,0.00173006703478412,0.999999327347282,0.00173006587104983
haskell,int,0.00172581625582888,0.999999327347282,0.00172581509495389
haskell,m,0.00170031158209742,0.999999327347282,0.00170031043837821
haskell,s,0.00170031158209742,0.999999327347282,0.00170031043837821
haskell,setup,0.00168330846627645,0.999999327347282,0.00168330733399443
haskell,text,0.00165780379254498,0.999999327347282,0.00165780267741876
haskell,lts_7,0.000497341137763495,3.30258442034133,0.00164251109317255
haskell,gibiansky,0.000480338021942521,3.30258442034133,0.00158635686776494
haskell,library,0.00157703899239536,0.999999327347282,0.00157703793159579
haskell,loading,0.00157703899239536,0.999999327347282,0.00157703793159579
haskell,ghcjs_0,0.00046758568507679,3.30258442034133,0.00154424119870923
haskell,nix,0.00125397979179685,1.22314287866149,0.00153379645232173
java,roboguice,0.00434804647678695,3.30258442034133,0.0143597905531566
java,https,0.0088143688292378,0.999999327347282,0.00881436290022865
java,lombok,0.0024668968352755,3.30258442034133,0.00814713505477019
java,che,0.00339620728692038,2.20397213167322,0.00748514621375802
java,class,0.00714724220083244,0.999999327347282,0.00714723739322054
java,public,0.00591379378319469,0.999999327347282,0.00591378980526523
java,androidruntime,0.00175160939673671,3.30258442034133,0.00578483790418614
java,activitythread_java,0.0017009197357379,3.30258442034133,0.00561743101949908
java,05_19,0.00161080478285112,3.30258442034133,0.00531981878005542
java,string,0.00526609255932098,0.999999327347282,0.00526608901706951
java,github_com,0.00517034542187878,0.999999327347282,0.00517034194403188
java,error,0.00482114997944253,0.999999327347282,0.00482114673648289
java,java,0.00432551773856526,1.10535984300511,0.0047812536084163
java,code,0.00477609250299914,0.999999327347282,0.00477608929034753
java,method,0.00447195453700627,0.999999327347282,0.00447195152893389
java,swagger,0.00199379333261992,2.20397213167322,0.00439426494141018
java,dalvikvm,0.00130103463230283,3.30258442034133,0.00429677670696784
java,version,0.00385241423590968,0.999999327347282,0.00385241164457278
java,issue,0.00370597743746867,0.999999327347282,0.00370597494463288
java,android,0.00368344869924698,0.999999327347282,0.0036834462215652
java,@override,0.00111517254197386,3.30258442034133,0.00368295146311529
java,o_a,0.00110390817286301,3.30258442034133,0.00364574993318483
java,values,0.00363275903824817,0.999999327347282,0.00363275659466292
java,info,0.00339057510236495,0.999999327347282,0.0033905728216854
java,6331,0.00100252885086539,3.30258442034133,0.00331093616381072
java,project,0.00326666704214564,0.999999327347282,0.00326666484481317
java,eclipse,0.00238241406694415,1.35667427128601,0.003232159868173
java,issues,0.00315402335103717,0.999999327347282,0.00315402122947479
java,http,0.00313149461281547,0.999999327347282,0.00313149250640711
java,private,0.0031145980591492,0.999999327347282,0.00311459596410635
java,bust_in_silhouette,0.000940574820755727,3.30258442034133,0.0031063277491932
java,clock8,0.000940574820755727,3.30258442034133,0.0031063277491932
java,pr,0.00299632218348531,0.999999327347282,0.00299632016800105
java,app,0.00290057504604311,0.999999327347282,0.00290057309496342
java,swagger_core,0.000872988606090644,3.30258442034133,0.00288311856961045
java,annotation,0.00229793129861279,1.22314287866149,0.00281069830355159
java,failed,0.00274287387849125,0.999999327347282,0.00274287203348968
java,test,0.00270344858660329,0.999999327347282,0.00270344676812125
java,30057,0.000805402391425562,3.30258442034133,0.00265990939002771
java,30978,0.000805402391425562,3.30258442034133,0.00265990939002771
java,espresso,0.000805402391425562,3.30258442034133,0.00265990939002771
java,java_lang_reflect_method_invoke,0.000805402391425562,3.30258442034133,0.00265990939002771
java,request,0.0026583911101599,0.999999327347282,0.00265838932198589
java,axisvalue,0.000799770206870139,3.30258442034133,0.00264130862506248
java,return,0.00261896581827193,0.999999327347282,0.00261896405661746
java,lcom,0.000788505837759292,3.30258442034133,0.00260410709513202
java,file,0.00259643708005024,0.999999327347282,0.00259643533354978
java,add,0.002540115234496,0.999999327347282,0.00254011352588059
java,true,0.00252321868082973,0.999999327347282,0.00252321698357983
java,zygoteinit_java,0.000743448361315904,3.30258442034133,0.00245530097541019
java,api,0.0024443680970538,0.999999327347282,0.00244436645284296
java,library,0.0024443680970538,0.999999327347282,0.00244436645284296
java,user,0.00243873591249838,0.999999327347282,0.00243873427207604
java,line,0.00243310372794296,0.999999327347282,0.00243310209130912
java,type,0.00243310372794296,0.999999327347282,0.00243310209130912
java,codenvy,0.000726551807649633,3.30258442034133,0.00239949868051451
java,void,0.00238804625149957,0.999999327347282,0.00238804464517377
java,id,0.00237678188238872,0.999999327347282,0.00237678028363993
java,pull,0.00233172440594533,0.999999327347282,0.00233172283750457
java,jar,0.00119965531030521,1.91629005922144,0.00229888754563008
java,parentrunner_java,0.000692758700317092,3.30258442034133,0.00228789409072313
java,permissionsdispatcher,0.000687126515761668,3.30258442034133,0.00226929332575791
java,main,0.00226413819128025,0.999999327347282,0.00226413666830154
java,e,0.00220781634572602,0.999999327347282,0.00220781486063235
java,inject,0.00180229905773552,1.22314287866149,0.00220446925768752
java,int,0.00220218416117059,0.999999327347282,0.00220218267986543
java,set,0.00219655197661517,0.999999327347282,0.00219655049909851
java,lroboguice,0.000664597777539974,3.30258442034133,0.00219489026589699
java,pointvalue,0.000653333408429127,3.30258442034133,0.00215768873596653
java,build,0.00214023013106093,0.999999327347282,0.00214022869142932
java,null,0.00210080483917297,0.999999327347282,0.00210080342606089
java,04,0.00207827610095128,0.999999327347282,0.00207827470299321
java,maven,0.000940574820755727,2.20397213167322,0.00207300069269915
java,work,0.00206137954728501,0.999999327347282,0.00206137816069245
java,problem,0.00203885080906331,0.999999327347282,0.00203884943762477
java,view,0.00201068988628619,0.999999327347282,0.00201068853379018
java,axis,0.00132356337052453,1.51082495111327,0.00199967256456803
java,fix,0.00199942551717535,0.999999327347282,0.00199942417225634
java,method_java,0.000602643747430316,3.30258442034133,0.00199028185127947
java,arraylist,0.000597011562874892,3.30258442034133,0.00197168108631425
java,run,0.00194310367162111,0.999999327347282,0.00194310236458715
java,versionloggerlistener,0.000585747193764045,3.30258442034133,0.00193447955638379
java,import,0.00192620711795484,0.999999327347282,0.00192620582228639
java,final,0.00190931056428857,0.999999327347282,0.00190930927998563
java,data,0.00190367837973315,0.999999327347282,0.00190367709921871
java,gradle,0.000991264481754538,1.91629005922144,0.00189955027244551
java,artifactid,0.000563218455542351,3.30258442034133,0.00186007649652287
java,false,0.00184172434962349,0.999999327347282,0.0018417231107826
java,tomcat,0.000557586270986928,3.30258442034133,0.00184147573155764
java,2016_01_05,0.000551954086431504,3.30258442034133,0.00182287496659242
java,groupid,0.000546321901876081,3.30258442034133,0.00180427420162719
java,3,0.0017966668731801,0.999999327347282,0.00179666566464724
java,static,0.00179103468862468,0.999999327347282,0.00179103348388033
java,reinierz,0.00052942534820981,3.30258442034133,0.0017484719067315
java,application,0.00172908065851502,0.999999327347282,0.00172907949544421
java,time,0.00171218410484875,0.999999327347282,0.00171218295314346
java,basicsample,0.000518160979098963,3.30258442034133,0.00171127037680104
java,support,0.00166712662840536,0.999999327347282,0.0016671255070081
java,create,0.00166149444384994,0.999999327347282,0.00166149332624118
java,requestcode,0.000501264425432693,3.30258442034133,0.00165546808190536
javascript,jplayer,0.00278388434371124,3.30258442034133,0.00919401306157289
javascript,function,0.00869764248111696,0.999999327347282,0.00869763663062411
javascript,https,0.00789388237423284,0.999999327347282,0.0078938770643914
javascript,gems,0.00344924867060207,2.20397213167322,0.00760204794521787
javascript,lib,0.00686123693889826,0.999999327347282,0.00686123232366859
javascript,gm,0.00352909238982897,1.91629005922144,0.00676276466470329
javascript,react_rails,0.00191092634683047,3.30258442034133,0.00631099558146208
javascript,sprockets,0.00184172845683382,3.30258442034133,0.00608246370803866
javascript,code,0.00546663330973508,0.999999327347282,0.00546662963258932
javascript,bookshelf,0.001596874384538,3.30258442034133,0.00527381246361734
javascript,cssnext,0.00157025981146236,3.30258442034133,0.00518591558922372
javascript,var,0.00504080014052495,0.999999327347282,0.00504079674981703
javascript,file,0.00477997732438374,0.999999327347282,0.004779974109119
javascript,issue,0.00451383159362741,0.999999327347282,0.00451382855738632
javascript,github_com,0.00437543581363411,0.999999327347282,0.00437543287048532
javascript,div,0.00390701932750297,1.10535984300511,0.0043186622704666
javascript,error,0.00429559209440721,0.999999327347282,0.00429558920496552
javascript,http,0.00413590465595341,0.999999327347282,0.00413590187392591
javascript,return,0.00413058174133829,0.999999327347282,0.00413057896289125
javascript,class,0.00392298807134835,0.999999327347282,0.00392298543253976
javascript,work,0.00392298807134835,0.999999327347282,0.00392298543253976
javascript,true,0.00378459229135505,0.999999327347282,0.00378458974563876
javascript,data,0.00363555068213151,0.999999327347282,0.00363554823666846
javascript,victory,0.00107522875225558,3.30258442034133,0.00355103372550234
javascript,users,0.00352376947521385,0.999999327347282,0.00352376710494073
javascript,prism,0.00131475990993628,2.60943723978138,0.00343078347035936
javascript,$,0.00314051962292473,0.999999327347282,0.00314051751044567
javascript,knex,0.000931510057647165,3.30258442034133,0.00307639060377678
javascript,id,0.0030553529890827,0.999999327347282,0.00305535093389121
javascript,js,0.0030553529890827,0.999999327347282,0.00305535093389121
javascript,barba_js,0.000899572569956405,3.30258442034133,0.00297091435450443
javascript,require,0.00293824886754992,0.999999327347282,0.00293824689112883
javascript,page,0.00291163429447428,0.999999327347282,0.00291163233595556
javascript,console_log,0.0019162492614456,1.51082495111327,0.00289511719674439
javascript,node_modules,0.0016980097622254,1.69314650790723,0.00287497929930432
javascript,javascript,0.0027945301729415,0.999999327347282,0.00279452829319318
javascript,version,0.00275726977063561,0.999999327347282,0.0027572679159506
javascript,make,0.00272000936832972,0.999999327347282,0.00272000753870803
javascript,papaparse,0.000803760106884126,3.30258442034133,0.00265448560668739
javascript,problem,0.00262951981987257,0.999999327347282,0.00262951805111892
javascript,postcss,0.000995385033028685,2.60943723978138,0.00259739477310607
javascript,works,0.00256032192987592,0.999999327347282,0.00256032020766842
javascript,add,0.00251241569833978,0.999999327347282,0.00251241400835653
javascript,time,0.00240595740603725,0.999999327347282,0.00240595578766346
javascript,formidablelabs,0.000723916387657226,3.30258442034133,0.00239079498350653
javascript,rails,0.00175123890837667,1.35667427128601,0.00237586076986964
javascript,3,0.00234740534527086,0.999999327347282,0.00234740376628227
javascript,user,0.00232079077219522,0.999999327347282,0.002320789211109
javascript,css,0.00208658252912965,1.10535984300511,0.00230642453681595
javascript,execjs,0.000697301814581592,3.30258442034133,0.0023028981091129
javascript,err,0.00226223871142883,0.999999327347282,0.00226223718972781
javascript,working,0.00226223871142883,0.999999327347282,0.00226223718972781
javascript,carousel,0.00116571830071274,1.91629005922144,0.00223385439150833
javascript,issues,0.00219304082143218,0.999999327347282,0.00219303934627731
javascript,x,0.00219304082143218,0.999999327347282,0.00219303934627731
javascript,react,0.00218771790681706,0.999999327347282,0.00218771643524266
javascript,false,0.00217174916297168,0.999999327347282,0.0021717477021387
javascript,millan,0.000654718497660579,3.30258442034133,0.00216226311008311
javascript,webpack,0.000979416289183305,2.20397213167322,0.0021586062066668
javascript,line,0.00210787418759016,0.999999327347282,0.00210787276972286
javascript,image,0.00210255127297503,0.999999327347282,0.0021025498586882
javascript,assets,0.00208658252912965,0.999999327347282,0.00208658112558424
javascript,test,0.00204932212682376,0.999999327347282,0.00204932074834166
javascript,model,0.00203867629759351,0.999999327347282,0.00203867492627236
javascript,plugin,0.00202270755374813,0.999999327347282,0.0020227061931684
javascript,papa,0.000601489351509312,3.30258442034133,0.00198646936129586
javascript,tablename,0.000755853875347986,2.60943723978138,0.00197235325016611
javascript,4,0.0019162492614456,0.999999327347282,0.00191624797247532
javascript,barba,0.000580197693048806,3.30258442034133,0.00191615186178097
javascript,set,0.00188963468836996,0.999999327347282,0.00188963341730205
javascript,change,0.0018576972006792,0.999999327347282,0.00185769595109413
javascript,support,0.00185237428606408,0.999999327347282,0.00185237304005948
javascript,owl,0.000707947643811846,2.60943723978138,0.00184734494557812
javascript,rutul,0.000558906034588299,3.30258442034133,0.00184583436226607
javascript,app,0.00184172845683382,0.999999327347282,0.00184172721799017
javascript,object,0.0018364055422187,0.999999327347282,0.00183640430695552
javascript,5,0.00180979096914306,0.999999327347282,0.00180978975178225
javascript,owl_carousel,0.000532291461512666,3.30258442034133,0.00175793748787245
javascript,actionpack,0.000670687241505959,2.60943723978138,0.0017501162642319
javascript,p194@brightfundsv2,0.000526968546897539,3.30258442034133,0.00174035811299372
javascript,mp3,0.000787791363038745,2.20397213167322,0.00173627020971025
javascript,call,0.00171930142068591,0.999999327347282,0.00171930026419314
javascript,files,0.0016980097622254,0.999999327347282,0.00169800862005452
javascript,fix,0.00168736393299515,0.999999327347282,0.00168736279798522
javascript,bookshelf_model_extend,0.000505676888437033,3.30258442034133,0.00167004061347882
javascript,behavior,0.00165542644530439,0.999999327347282,0.00165542533177729
javascript,method,0.00163945770145901,0.999999327347282,0.00163945659867333
javascript,options,0.00163945770145901,0.999999327347282,0.00163945659867333
javascript,ruby,0.00147977026300521,1.10535984300511,0.00163567862559907
javascript,graphicsmagick,0.000495031059206779,3.30258442034133,0.00163488186372137
javascript,library,0.00162348895761363,0.999999327347282,0.00162348786556937
javascript,flash,0.00131475990993628,1.22314287866149,0.00160813922098819
javascript,good,0.00160219729915312,0.999999327347282,0.00160219622143076
javascript,event,0.00157558272607749,0.999999327347282,0.00157558166625749
javascript,rvm,0.000803760106884126,1.91629005922144,0.00154023750282081
javascript,html,0.00152767649454135,0.999999327347282,0.0015276754669456
javascript,npm,0.0013786348853178,1.10535984300511,0.00152388764039625
javascript,null,0.00151170775069597,0.999999327347282,0.00151170673384164
javascript,script,0.00151170775069597,0.999999327347282,0.00151170673384164
javascript,width,0.00150638483608084,0.999999327347282,0.00150638382280699
python,site_packages,0.00697865353037767,1.91629005922144,0.0133731243870133
python,torch,0.00502986340424764,2.60943723978138,0.0131251128780574
python,python2_7,0.00545390570021112,2.20397213167322,0.012020256172039
python,lib,0.01138147566719,0.999999327347282,0.0113814680114094
python,nn,0.00434417798949819,2.60943723978138,0.0113358598220352
python,file,0.00957252927696277,0.999999327347282,0.00957252283797494
python,line,0.00920713112831339,0.999999327347282,0.00920712493511162
python,textblob,0.00267507533517386,3.30258442034133,0.00883466212518454
python,tweepy,0.00225103303921038,3.30258442034133,0.00743422664496979
python,miniconda,0.002210433244916,3.30258442034133,0.00730014239686412
python,python,0.00727638535520309,0.999999327347282,0.0072763804607227
python,eve,0.00220141106840614,3.30258442034133,0.00727034589728508
python,nimbix,0.00219689998015121,3.30258442034133,0.00725544764749556
python,py2k,0.00219238889189628,3.30258442034133,0.00724054939770604
python,https,0.00659069994045364,0.999999327347282,0.00659069550720141
python,seaborn,0.00198487883216947,3.30258442034133,0.00655522990738819
python,import,0.00655010014615926,0.999999327347282,0.00655009574021659
python,gensim,0.00221494433317093,2.60943723978138,0.00577975822701898
python,envs,0.00249463180497663,2.20397213167322,0.00549809897695416
python,peewee,0.00158339197748065,3.30258442034133,0.00522928567612103
python,usr,0.00465093199083347,0.999999327347282,0.00465092886237142
python,home,0.00460582110828416,0.999999327347282,0.00460581801016608
python,code,0.00450657716667569,0.999999327347282,0.00450657413531431
python,error,0.00411862357675166,0.999999327347282,0.00411862080634831
python,lib_linux_x86_64_2,0.0012225049170862,3.30258442034133,0.00403742569295954
python,data,0.00392013569353471,0.999999327347282,0.00392013305664478
python,github_com,0.00374871433984734,0.999999327347282,0.00374871181826446
python,true,0.00363593713347408,0.999999327347282,0.00363593468775108
python,byte_compiling,0.00110070553420307,3.30258442034133,0.00363517294864254
python,test,0.00341489380898248,0.999999327347282,0.00341489151194488
python,return,0.00317580613147116,0.999999327347282,0.00317580399525653
python,traceback,0.00163752503653981,1.91629005922144,0.00313797294924747
python,http,0.00301340695429365,0.999999327347282,0.00301340492731728
python,issue,0.00290965192443025,0.999999327347282,0.00290964996724497
python,dist_packages,0.00129919341742002,2.20397213167322,0.00286338608564701
python,call,0.00284198560060629,0.999999327347282,0.00284198368893695
python,module,0.00278785254154712,0.999999327347282,0.00278785066629053
python,pytorch,0.00106461682816363,2.60943723978138,0.0027780507975081
python,pbs,0.000839062415417095,3.30258442034133,0.00277107446085046
python,x,0.0027698081885274,0.999999327347282,0.00276980632540839
python,corpus,0.000834551327162165,3.30258442034133,0.00275617621106094
python,print,0.00273371948248796,0.999999327347282,0.00273371764364412
python,falcon,0.000996950504339667,2.60943723978138,0.00260147977224276
python,playhouse,0.000771396091593136,3.30258442034133,0.00254760071400768
python,python3_5,0.00115483859326224,2.20397213167322,0.00254523207613068
python,3,0.00252620942276115,0.999999327347282,0.00252620772349951
python,work,0.00251718724625129,0.999999327347282,0.00251718555305844
python,class,0.00250365398148649,0.999999327347282,0.00250365229739684
python,users,0.00248560962846677,0.999999327347282,0.0024856079565147
python,model,0.00243598765766253,0.999999327347282,0.00243598601908882
python,type,0.00239989895162309,0.999999327347282,0.00239989733732454
python,peewee_py,0.000712751944279038,3.30258442034133,0.00235392346674394
python,sh_py,0.000712751944279038,3.30258442034133,0.00235392346674394
python,local,0.00235027698081885,0.999999327347282,0.00235027539989865
python,version,0.0023277215395442,0.999999327347282,0.00232771997379598
python,def,0.00205254515599343,1.10535984300511,0.00226880099138979
python,c,0.00225103303921038,0.999999327347282,0.00225103152504689
python,0_002,0.000672152149984662,3.30258442034133,0.00221983921863827
python,legacy,0.002210433244916,0.999999327347282,0.00221043175806207
python,matplotlib,0.000649596708710009,3.30258442034133,0.00214534796969068
python,add,0.00207510059726809,0.999999327347282,0.00207509920144603
python,build,0.00207058950901315,0.999999327347282,0.00207058811622549
python,make,0.00203901189122864,0.999999327347282,0.00203901051968175
python,nltk,0.000613508002670564,3.30258442034133,0.00202616197137453
python,request,0.00200743427344413,0.999999327347282,0.00200743292313801
python,time,0.00200292318518919,0.999999327347282,0.00200292183791747
python,run,0.00195781230263989,0.999999327347282,0.00195781098571212
python,problem,0.00193525686136524,0.999999327347282,0.00193525555960945
python,user,0.00193074577311031,0.999999327347282,0.00193074447438891
python,api,0.00192172359660044,0.999999327347282,0.00192172230394784
python,id,0.00185856836103142,0.999999327347282,0.00185856711086036
python,set,0.00183601291975676,0.999999327347282,0.00183601168475768
python,function,0.00179541312546239,0.999999327347282,0.00179541191777287
python,kwargs,0.000807484797632581,2.20397213167322,0.001779673990732
python,python3_6,0.000681174326494524,2.60943723978138,0.00177748165433781
python,00,0.00177736877244266,0.999999327347282,0.00177736757689073
python,7,0.00175030224291308,0.999999327347282,0.00175030106556752
python,font,0.00175030224291308,0.999999327347282,0.00175030106556752
python,virtualenvs,0.000527797325826882,3.30258442034133,0.00174309522537368
python,app,0.00173225788989336,0.999999327347282,0.00173225672468538
python,python3_4,0.000523286237571952,3.30258442034133,0.00172819697558416
python,streaming_py,0.000523286237571952,3.30258442034133,0.00172819697558416
python,object,0.0017232357133835,0.999999327347282,0.00172323455424431
python,init_py,0.000645085620455079,2.60943723978138,0.00168331044086296
python,false,0.00165105830130461,0.999999327347282,0.00165105719071575
python,sh,0.00162850286002995,0.999999327347282,0.00162850176461308
python,flask,0.000848084591926956,1.91629005922144,0.0016251760728885
python,ryanoasis,0.000491708619787438,3.30258442034133,0.00162390922705753
python,anaconda3,0.000618019090925495,2.60943723978138,0.00161268203075682
python,issues,0.00158790306573558,0.999999327347282,0.00158790199762827
python,default,0.00156985871271586,0.999999327347282,0.00156985765674613
python,fix,0.00156534762446092,0.999999327347282,0.00156534657152559
python,4,0.00156083653620599,0.999999327347282,0.00156083548630506
python,method,0.00156083653620599,0.999999327347282,0.00156083548630506
python,recent,0.00156083653620599,0.999999327347282,0.00156083548630506
python,charfield,0.000469153178512784,3.30258442034133,0.00154941797810994
python,powerline,0.000469153178512784,3.30258442034133,0.00154941797810994
python,list,0.00154279218318627,0.999999327347282,0.00154279114542292
python,cuda,0.000590952561395911,2.60943723978138,0.00154205362065068
python,word2vec,0.000586441473140981,2.60943723978138,0.00153028221896633
ruby,gems,0.0279328717736018,2.20397213167322,0.0615632709466197
ruby,lib,0.025647672526561,0.999999327347282,0.0256476552745843
ruby,wraith,0.00711083814567846,3.30258442034133,0.0234841432754865
ruby,ruby,0.0168418785693775,1.10535984300511,0.0186163362513582
ruby,rvm,0.00601011390103053,1.91629005922144,0.0115171215233334
ruby,mailcatcher,0.00313865934977507,3.30258442034133,0.0103656874693258
ruby,lolcommits,0.00303097980410299,3.30258442034133,0.0100100666793997
ruby,ruby_2,0.00374884344191686,2.20397213167322,0.00826234647199066
ruby,https,0.00767316466196599,0.999999327347282,0.00767315950059092
ruby,snapping,0.00338193536036755,2.20397213167322,0.00745369128537029
ruby,authlogic,0.00217353157004754,3.30258442034133,0.00717827150035903
ruby,http,0.00697524168075806,0.999999327347282,0.00697523698884279
ruby,gem,0.00545576364738538,1.22314287866149,0.00667317845295968
ruby,dotenv,0.00185846919567368,3.30258442034133,0.00613775141131616
ruby,fog,0.00260424975273586,2.20397213167322,0.0057396938789467
ruby,2_3,0.00560332450626934,0.999999327347282,0.00560332073717788
ruby,users,0.00536004849567687,0.999999327347282,0.00536004489022568
ruby,usr,0.00520052324282934,0.999999327347282,0.00520051974468325
ruby,rails,0.00381265354305587,1.35667427128601,0.00517252896719136
ruby,home,0.00512474874772677,0.999999327347282,0.00512474530055059
ruby,rbenv,0.00267204798519606,1.91629005922144,0.00512041899179387
ruby,2_1,0.00508885556583607,0.999999327347282,0.00508885214280354
ruby,2_0,0.00449861213030023,0.999999327347282,0.00449860910429655
ruby,2014_12_12t06,0.00133602399259803,3.30258442034133,0.00441233202315647
ruby,wraith_3,0.00132007146731328,3.30258442034133,0.00435964746168594
ruby,kvokka,0.00127221389145902,3.30258442034133,0.00420159377727437
ruby,shots,0.0018504929330313,2.20397213167322,0.00407843485425922
ruby,local,0.00407587021025428,0.999999327347282,0.00407586746860911
ruby,redacted,0.00268401237915962,1.51082495111327,0.00405507287153125
ruby,ruby_1,0.00180662348849823,2.20397213167322,0.00398174782107635
ruby,error,0.00396420253326102,0.999999327347282,0.00396419986672941
ruby,bin,0.0037687840985228,0.999999327347282,0.00376878156343993
ruby,phantom_js,0.00113262929521743,3.30258442034133,0.00374060386440727
ruby,redacted@sfmtastg_prod_acquia_sites_com,0.00113262929521743,3.30258442034133,0.00374060386440727
ruby,redacted@sfmtaweb_prod_acquia_sites_com,0.00113262929521743,3.30258442034133,0.00374060386440727
ruby,file,0.00372491465398973,0.999999327347282,0.00372491214841576
ruby,github_com,0.00364914015888715,0.999999327347282,0.00364913770428311
ruby,version,0.00359330632039052,0.999999327347282,0.00359330390334325
ruby,1_9,0.00346967424943369,0.999999327347282,0.00346967191554787
ruby,wraith_4,0.00103691414350892,3.30258442034133,0.00342449649558412
ruby,restclient,0.00128019015410139,2.60943723978138,0.00334057586211364
ruby,versions,0.00327425581469547,0.999999327347282,0.00327425361225839
ruby,active_support,0.00170692020546853,1.91629005922144,0.00327095422162355
ruby,acts_as_taggable_on,0.00098905656765466,3.30258442034133,0.00326644281117255
ruby,bundle,0.00322241010752002,0.999999327347282,0.0032224079399571
ruby,phantomjs,0.00165108636697189,1.91629005922144,0.00316396039194427
ruby,00,0.00304693232938774,0.999999327347282,0.00304693027986043
ruby,taggings,0.000905305809909709,3.30258442034133,0.00298984886345229
ruby,eventmachine_1,0.000901317678588521,3.30258442034133,0.00297667772308466
ruby,issue,0.00293925278371566,0.999999327347282,0.00293925080661929
ruby,activesupport_4,0.00088137702198258,3.30258442034133,0.0029108220212465
ruby,app,0.00281960884408002,0.999999327347282,0.00281960694746247
ruby,2_2,0.00281562071275883,0.999999327347282,0.0028156188188239
ruby,casperjs,0.00106881919407842,2.60943723978138,0.00278901660762136
ruby,run,0.00274782248029863,0.999999327347282,0.00274782063196837
ruby,twitter,0.00273585808633507,0.999999327347282,0.00273585624605269
ruby,3,0.00272788182369269,0.999999327347282,0.00272787998877557
ruby,block,0.00271990556105031,0.999999327347282,0.00271990373149845
ruby,var,0.00271192929840794,0.999999327347282,0.00271192747422132
ruby,lolcommits_0,0.000797626264237629,3.30258442034133,0.00263422807352625
ruby,base_rb,0.000981080305012284,2.60943723978138,0.00256006748311513
ruby,debug,0.00255240404556041,0.999999327347282,0.00255240232867889
ruby,end,0.00252049899499091,0.999999327347282,0.00252049729957041
ruby,call,0.00235299747950101,0.999999327347282,0.00235299589675086
ruby,c,0.00234502121685863,0.999999327347282,0.00234501963947373
ruby,casper_js,0.000701911112529113,3.30258442034133,0.0023181207047031
ruby,5,0.00230115177232556,0.999999327347282,0.00230115022444956
ruby,rack,0.00103292601218773,2.20397213167322,0.00227654014494211
ruby,config,0.00227323485307724,0.999999327347282,0.00227323332397964
ruby,callbacks_rb,0.000869412628019015,2.60943723978138,0.00226867768828902
ruby,web_1,0.00133602399259803,1.69314650790723,0.00226208435754762
ruby,vendor,0.00226127045911368,0.999999327347282,0.00226126893806396
ruby,test,0.00224531793382892,0.999999327347282,0.00224531642350971
ruby,env,0.00223734167118655,0.999999327347282,0.00223734016623259
ruby,thor_0,0.000673994193280796,3.30258442034133,0.00222592272212968
ruby,javascript,0.00222537727722298,0.999999327347282,0.00222537578031691
ruby,code,0.00221740101458061,0.999999327347282,0.00221739952303979
ruby,0_0,0.00221341288325942,0.999999327347282,0.00221341139440123
ruby,false,0.00220942475193823,0.999999327347282,0.00220942326576267
ruby,work,0.00220942475193823,0.999999327347282,0.00220942326576267
ruby,rest_client,0.000845483840091887,2.60943723978138,0.00220623701796914
ruby,mailcatcher_0,0.00066601793063842,3.30258442034133,0.00219958044139442
ruby,rubies,0.000981080305012284,2.20397213167322,0.00216227365118053
ruby,active_record,0.000821555052164758,2.60943723978138,0.00214379634764926
ruby,method,0.00213763838815685,0.999999327347282,0.00213763695026857
ruby,sinatra_1,0.000642089142711291,3.30258442034133,0.00212055359918863
ruby,sinatra,0.000801614395558817,2.60943723978138,0.00209176245571602
ruby,1_8,0.0020857926809814,0.999999327347282,0.00208579127796728
ruby,localhost,0.00185448106435249,1.10535984300511,0.00204986889814861
ruby,required,0.00203394697380595,0.999999327347282,0.00203394560566599
ruby,request,0.0020179944485212,0.999999327347282,0.00201799309111175
ruby,10,0.00197412500398813,0.999999327347282,0.00197412367608758
ruby,tags,0.00196614874134576,0.999999327347282,0.00196614741881046
ruby,activerecord_4,0.000594231566857034,3.30258442034133,0.00196249991477705
ruby,user,0.00193823182209744,0.999999327347282,0.00193823051834053
ruby,kss,0.000578279041572281,3.30258442034133,0.00190981535330653
ruby,ruby23_x64,0.000578279041572281,3.30258442034133,0.00190981535330653
ruby,staging_zivizi_com,0.000574290910251093,3.30258442034133,0.0018966442129389
ruby,zivizi_com,0.000566314647608716,3.30258442034133,0.00187030193220364
ruby,foreman,0.000713875506492678,2.60943723978138,0.00186281333120979
rust,cargo,0.0118827529353229,2.60943723978138,0.0310072980205531
rust,racer,0.00766818046565172,3.30258442034133,0.0253248133382271
rust,src,0.0134583396340541,0.999999327347282,0.0134583305812654
rust,rust_lang,0.00376092057189407,3.30258442034133,0.0124207576868786
rust,rust,0.00610722769910684,1.91629005922144,0.0117032197292003
rust,https,0.0107217943152051,0.999999327347282,0.0107217871031611
rust,crates_io_index,0.00294142036945801,3.30258442034133,0.00971428908584665
rust,github_com,0.00844377887152871,0.999999327347282,0.0084437731917979
rust,mio,0.00282434891196714,2.60943723978138,0.00736996122902309
rust,github_com_1ecc6299db9ec823,0.002219479714931,3.30258442034133,0.00733001912779473
rust,lib_rs,0.00219021185055828,3.30258442034133,0.00723335953490074
rust,registry,0.00632673668190222,1.10535984300511,0.00699332066544209
rust,rustdir,0.00197558084515836,3.30258442034133,0.00652452252034476
rust,error,0.00635112656887948,0.999999327347282,0.00635112229677693
rust,crate,0.00317068530704429,1.91629005922144,0.00607595273480844
rust,string,0.00566333175612064,0.999999327347282,0.00566332794666514
rust,rg,0.00282922688936259,1.91629005922144,0.00542161936336753
rust,hyper,0.00312190553308976,1.69314650790723,0.00528584345136718
rust,debug,0.00513651019741175,0.999999327347282,0.0051365067423242
rust,rustc,0.00154631883435852,3.30258442034133,0.00510684849123282
rust,piston,0.00139510153509949,3.30258442034133,0.00460744059461383
rust,iron,0.002219479714931,1.91629005922144,0.00425316691436591
rust,rocket,0.00210240825744014,1.91629005922144,0.0040288240441576
rust,fn,0.00295117632424891,1.35667427128601,0.00400378498913693
rust,code,0.00393652775813037,0.999999327347282,0.00393652511021427
rust,ripgrep,0.00149753906040399,2.60943723978138,0.0039077341922454
rust,version,0.00375116461710316,0.999999327347282,0.00375116209387209
rust,http,0.00361945922742594,0.999999327347282,0.00361945679278685
rust,file,0.00350238776993507,0.999999327347282,0.00350238541404442
rust,home,0.00349750979253962,0.999999327347282,0.00349750743993015
rust,&mut,0.00105364311741779,3.30258442034133,0.00347974534418387
rust,build,0.00343897406379419,0.999999327347282,0.00343897175055894
rust,std,0.00280971497978078,1.22314287866149,0.00343668286858738
rust,type,0.00329751271932606,0.999999327347282,0.00329751050124517
rust,test,0.00328775676453515,0.999999327347282,0.00328775455301663
rust,8,0.00321946508099881,0.999999327347282,0.00321946291541688
rust,mut,0.000965839524299644,3.30258442034133,0.00318976656550188
rust,e,0.00315605137485793,0.999999327347282,0.00315604925193139
rust,get_cargo_rootdir,0.000926815705136022,3.30258442034133,0.00306088710830989
rust,mod_rs,0.000892669863367853,3.30258442034133,0.00294811758326689
rust,cargo_toml,0.000873157953786042,3.30258442034133,0.0028836778546709
rust,path,0.00279020307019897,0.999999327347282,0.00279020119336129
rust,pistondevelopers,0.000843890089413326,3.30258442034133,0.0027870182617769
rust,c,0.00274142329624445,0.999999327347282,0.00274142145221861
rust,libstd,0.000819500202436062,3.30258442034133,0.0027064686010319
rust,request,0.00259020599698541,0.999999327347282,0.00259020425467631
rust,unwrap,0.00135119973854041,1.91629005922144,0.0025892906269876
rust,main_rs,0.00078047638327244,3.30258442034133,0.00257758914383991
rust,work,0.00252191431344907,0.999999327347282,0.00252191261707655
rust,issue,0.00251703633605362,0.999999327347282,0.00251703464296229
rust,run,0.00249752442647181,0.999999327347282,0.00249752274650521
rust,x,0.00245362262991273,0.999999327347282,0.0024536209794768
rust,$,0.00242923274293547,0.999999327347282,0.00242923110890546
rust,compiling,0.00242923274293547,0.999999327347282,0.00242923110890546
rust,target,0.00241459881074911,0.999999327347282,0.00241459718656266
rust,make,0.00238045296898094,0.999999327347282,0.00238045136776278
rust,time,0.00230728330804915,0.999999327347282,0.00230728175604876
rust,3,0.00227313746628098,0.999999327347282,0.00227313593724889
rust,issues,0.00209265230264923,0.999999327347282,0.00209265089502097
rust,files,0.00206338443827651,0.999999327347282,0.00206338305033536
rust,cargo_lock,0.000609747174431594,3.30258442034133,0.00201374151862493
rust,trait,0.00104876514002234,1.91629005922144,0.00200973821228279
rust,thread,0.00199509275474017,0.999999327347282,0.00199509141273561
rust,source,0.00197558084515836,0.999999327347282,0.00197557951627854
rust,add,0.00196582489036746,0.999999327347282,0.00196582356805
rust,tests,0.00192680107120384,0.999999327347282,0.00192679977513586
rust,github_com_88ac128001ac3a9a,0.000580479310058877,3.30258442034133,0.00191708192573093
rust,extern,0.00125364019063136,1.51082495111327,0.00189403087972425
rust,response,0.00189265522943567,0.999999327347282,0.00189265395633598
rust,struct,0.00153656287956762,1.22314287866149,0.00187943594375872
rust,panicking,0.000712184699736101,2.60943723978138,0.00185840127709391
rust,windows,0.00184387545548114,0.999999327347282,0.0018438742151933
rust,impl,0.0015072950151949,1.22314287866149,0.00184363716387761
rust,users,0.00182924152329478,0.999999327347282,0.0018292402928505
rust,master,0.00181948556850388,0.999999327347282,0.00181948434462196
rust,server,0.00181948556850388,0.999999327347282,0.00181948434462196
rust,pub,0.00119998243928138,1.51082495111327,0.00181296341016407
rust,foo,0.00175119388496754,0.999999327347282,0.00175119270702221
rust,main,0.00172680399799027,0.999999327347282,0.00172680283645087
rust,v0_2,0.000873157953786042,1.91629005922144,0.00167322390697032
rust,set,0.00166339029184939,0.999999327347282,0.00166338917296539
rust,cargo_home,0.000502431671731633,3.30258442034133,0.00165932301134694
rust,crates,0.000502431671731633,3.30258442034133,0.00165932301134694
rust,zmblog,0.000502431671731633,3.30258442034133,0.00165932301134694
rust,0_1,0.00164875635966303,0.999999327347282,0.00164875525062258
rust,rustup,0.00049755369433618,3.30258442034133,0.00164321307919794
rust,libcore,0.000492675716940728,3.30258442034133,0.00162710314704894
rust,4,0.00160973254049941,0.999999327347282,0.00160973145770844
rust,nameres,0.000614625151827046,2.60943723978138,0.00160382575968378
rust,lib,0.00159509860831305,0.999999327347282,0.00159509753536563
rust,result,0.00158046467612669,0.999999327347282,0.00158046361302283
rust,pubsub,0.000717062677131554,2.20397213167322,0.00158038615706094
rust,get_versioned_cratefile,0.000468285829963464,3.30258442034133,0.00154655348630394
rust,rustlib,0.000468285829963464,3.30258442034133,0.00154655348630394
rust,git,0.00153168490217216,0.999999327347282,0.00153168387188015
rust,rootdir,0.000463407852568011,3.30258442034133,0.00153044355415494
rust,syntex_syntax,0.000463407852568011,3.30258442034133,0.00153044355415494
rust,racer_1,0.000458529875172558,3.30258442034133,0.00151433362200595
rust,option,0.00151217299259035,0.999999327347282,0.00151217197542308
rust,match,0.0015072950151949,0.999999327347282,0.00150729400130881
swift,swift,0.00814133805937085,1.91629005922144,0.0156011651919335
swift,sqlite_swift,0.00316607591197755,3.30258442034133,0.010456232980515
swift,https,0.0104397430217102,0.999999327347282,0.0104397359993887
swift,amethyst,0.00289839019347216,3.30258442034133,0.00957217829703124
swift,view,0.00717213114754098,0.999999327347282,0.00717212632318747
swift,carthage,0.00209533303795599,3.30258442034133,0.00692001424657991
swift,pagemenu,0.00191072219760744,3.30258442034133,0.00631032136141869
swift,xcode,0.00490141781125388,1.22314287866149,0.00599513429117977
swift,xlpagertabstrip,0.00165226702111948,3.30258442034133,0.00545675132219297
swift,code,0.00517833407177669,0.999999327347282,0.00517833058855621
swift,project,0.00495680106335844,0.999999327347282,0.00495679772915273
swift,return,0.00494757052134101,0.999999327347282,0.00494756719334425
swift,array,0.0047075764288879,0.999999327347282,0.00470757326232382
swift,error,0.00459680992467878,0.999999327347282,0.00459680683262209
swift,cocoapods,0.00175380298331118,2.60943723978138,0.00457643881589188
swift,issue,0.00455065721459164,0.999999327347282,0.0045506541535797
swift,permissionscope,0.00133842859252695,3.30258442034133,0.00442027341741889
swift,users,0.00421835770196426,0.999999327347282,0.00421835486447449
swift,github_com,0.00404297740363314,0.999999327347282,0.0040429746841134
swift,pods,0.0018276473194506,2.20397213167322,0.00402808375859638
swift,work,0.00395067198345887,0.999999327347282,0.00395066932602862
swift,app,0.00387682764731945,0.999999327347282,0.0038768250395608
swift,screen,0.00387682764731945,0.999999327347282,0.0038768250395608
swift,build,0.00381221385319746,0.999999327347282,0.00381221128890145
swift,sclalertview,0.00115381775217841,3.30258442034133,0.00381058053225766
swift,assets,0.00369221680697091,0.999999327347282,0.00369221432339123
swift,dollar_swift,0.00110766504209127,3.30258442034133,0.00365815731096735
swift,cloud_githubusercontent_com,0.00364606409688377,0.999999327347282,0.00364606164434884
swift,trello,0.00139381184463152,2.60943723978138,0.00363706453262986
swift,trello_com,0.00139381184463152,2.60943723978138,0.00363706453262986
swift,func,0.00322145916408211,1.10535984300511,0.00356087159585717
swift,add,0.0035537586767095,0.999999327347282,0.00355375628626406
swift,version,0.00349837542460493,0.999999327347282,0.0034983730714132
swift,library,0.0034522227145178,0.999999327347282,0.0034522203923708
swift,t,0.00344299217250037,0.999999327347282,0.00344298985656233
swift,controller,0.00340607000443066,0.999999327347282,0.00340606771332841
swift,deriveddata,0.00127381479840496,2.60943723978138,0.00332393977154252
swift,uicolor,0.000941515285777581,3.30258442034133,0.00310943371432225
swift,problem,0.00308300103382071,0.999999327347282,0.00308299896003168
swift,set,0.00306453994978585,0.999999327347282,0.00306453788841472
swift,sqlite,0.00275993206321075,1.10535984300511,0.0030507180720954
swift,uiviewcontroller,0.000913823659725299,3.30258442034133,0.00301797978154807
swift,ios,0.00297223452961158,0.999999327347282,0.00297223253032994
swift,function,0.00290762073548959,0.999999327347282,0.0029076187796706
swift,anyobject,0.00087690149165559,3.30258442034133,0.00289604120451582
swift,storyboard,0.00110766504209127,2.60943723978138,0.00289038241003698
swift,window,0.00287992910943731,0.999999327347282,0.00287992717224516
swift,class,0.0027414709791759,0.999999327347282,0.00274146913511799
swift,make,0.0027414709791759,0.999999327347282,0.00274146913511799
swift,var,0.00272300989514104,0.999999327347282,0.00272300806350104
swift,3,0.00270454881110619,0.999999327347282,0.00270454699188408
swift,kamalloudiyi,0.000793826613498745,3.30258442034133,0.00262167940619327
swift,xcc,0.00118150937823069,2.20397213167322,0.00260401374293099
swift,sclalertview_swift,0.000784596071481317,3.30258442034133,0.00259119476193521
swift,pod,0.00170765027322404,1.51082495111327,0.00257996064056228
swift,change,0.00254762959680992,0.999999327347282,0.00254762788313995
swift,dollar,0.00167995864717176,1.51082495111327,0.0025381234409856
swift,nil,0.00225225225225225,1.10535984300511,0.00248954919595745
swift,viewdidload,0.000719982277359327,3.30258442034133,0.00237780225212878
swift,255_0,0.000886132033673017,2.60943723978138,0.00231230592802958
swift,stephencelis,0.000692290651307045,3.30258442034133,0.0022863483193546
swift,added,0.00226148279426968,0.999999327347282,0.00226148127307713
swift,button,0.00226148279426968,0.999999327347282,0.00226148127307713
swift,fix,0.00226148279426968,0.999999327347282,0.00226148127307713
swift,tableview,0.00067382956727219,3.30258442034133,0.00222537903083847
swift,developer,0.00221533008418254,0.999999327347282,0.00221532859403474
swift,public,0.00221533008418254,0.999999327347282,0.00221532859403474
swift,file,0.00219686900014769,0.999999327347282,0.00219686752241778
swift,intermediates,0.000830748781568454,2.60943723978138,0.00216778680752773
swift,c,0.0021322552060257,0.999999327347282,0.00213225377175844
swift,works,0.0021322552060257,0.999999327347282,0.00213225377175844
swift,async,0.00191072219760744,1.10535984300511,0.00211203558837374
swift,time,0.00209533303795599,0.999999327347282,0.00209533162852453
swift,user,0.00209533303795599,0.999999327347282,0.00209533162852453
swift,cgfloat,0.000627676857185054,3.30258442034133,0.00207295580954817
swift,pull,0.00205841086988628,0.999999327347282,0.00205840948529061
swift,alert,0.00184610840348545,1.10535984300511,0.00204061409504709
swift,support,0.00203994978585143,0.999999327347282,0.00203994841367366
swift,issues,0.00199379707576429,0.999999327347282,0.00199379573463127
swift,string,0.00199379707576429,0.999999327347282,0.00199379573463127
swift,update,0.00198456653374686,0.999999327347282,0.00198456519882279
swift,viewcontroller,0.000895362575690445,2.20397213167322,0.00197335416456489
swift,int,0.00196610544971201,0.999999327347282,0.00196610412720583
swift,viewcontrollers,0.000590754689115345,3.30258442034133,0.00195101723251592
swift,case,0.00194764436567715,0.999999327347282,0.00194764305558888
swift,working,0.00193841382365973,0.999999327347282,0.0019384125197804
swift,shot,0.0019291832816423,0.999999327347282,0.00192918198397192
swift,fixed,0.00188303057155516,0.999999327347282,0.00188302930492953
swift,found,0.00188303057155516,0.999999327347282,0.00188302930492953
swift,data,0.00187380002953773,0.999999327347282,0.00187379876912105
swift,menu,0.00185533894550288,0.999999327347282,0.0018553376975041
swift,clang,0.00150457834884064,1.22314287866149,0.0018403142927727
swift,pdfdb,0.000553832521045636,3.30258442034133,0.00182907865548368
swift,pods_build,0.000553832521045636,3.30258442034133,0.00182907865548368
swift,swift3,0.000553832521045636,3.30258442034133,0.00182907865548368
swift,run,0.00180918623541574,0.999999327347282,0.00180918501846171
swift,text,0.00179995569339832,0.999999327347282,0.00179995448265323
swift,request,0.00179072515138089,0.999999327347282,0.00179072394684475
swift,bar,0.00178149460936346,0.999999327347282,0.00178149341103627
swift,line,0.00177226406734603,0.999999327347282,0.00177226287522779
