language,unigram,freq
c,fa,0.0140742454429624
c,mruby,0.0116986122573004
c,fd,0.0116813474812418
c,error,0.00947836205616577
c,00,0.00801430904639736
c,vm_c,0.00741004188434672
c,x86_64,0.00719941161643192
c,https,0.00493082004233323
c,failed,0.00491700822148636
c,c,0.00420224649266074
c,http,0.00403995759771
c,request,0.00335281951057813
c,mrb_vm_exec,0.00324232494380315
c,code,0.0031939835708391
c,mrb_vm_run,0.00314564219787505
c,lib,0.00308694195927585
c,read,0.00283142327360872
c,b,0.00269675802035172
c,file,0.00268985210992828
c,mrb_run,0.00268985210992828
c,connection,0.00267604028908141
c,github_com,0.00265877551302282
c,ruby,0.00257590458794159
c,usr,0.00249648661807208
c,make,0.00248958070764864
c,issue,0.00247231593159005
c,src,0.00226513861888697
c,build,0.00219607951465262
c,kernel,0.00214083223126513
c,p,0.00211320858957138
c,test,0.00211320858957138
c,function,0.00210284972393623
c,include,0.00205450835097218
c,mongoose,0.002019978798855
c,end,0.00201652584364328
c,redcarpet,0.00199235515716126
c,offset,0.00198890220194954
c,n,0.0019819962915261
c,reset,0.00196127856025579
c,vendor,0.00195437264983236
c,71,0.00194746673940892
c,104,0.00193365491856205
c,$,0.00190948423208003
c,3,0.00189912536644487
c,ieee80211,0.001885313545598
c,rt2x00usb_vendor_request,0.001885313545598
c,peer,0.00186804876953941
c,ecall,0.0018473310382691
c,bin,0.00183351921742223
c,6,0.00182316035178708
c,1_0,0.00179553671009333
c,bytes,0.00177827193403474
c,0_1,0.00173683647149413
c,k,0.00173338351628241
c,s,0.00166432441204805
c,gc_c,0.00163324781514259
c,redzone,0.00162288894950744
c,stack,0.00159871826302541
c,version,0.00153656506921449
c,127_0,0.00153311211400277
c,line,0.0015193002931559
c,thread,0.00151584733794418
c,return,0.00150894142752074
c,main,0.00149858256188559
c,0_0,0.00149167665146215
c,beanstalkd,0.00147441187540356
c,html,0.00143988232328638
c,time,0.00141225868159264
c,r4,0.00137427617426374
c,00000000,0.00136391730862859
c,4,0.00135010548778172
c,0x07,0.00134665253257
c,int,0.00134319957735828
c,lwan_response_c,0.00134319957735828
c,users,0.00133284071172313
c,found,0.00130176411481767
c,work,0.00130176411481767
c,111,0.00129485820439423
c,log_request,0.00128449933875908
c,libsodium,0.00126723456270049
c,run,0.00126723456270049
c,image,0.00125687569706533
c,linux,0.00125687569706533
c,text,0.00123615796579503
c,problem,0.00123270501058331
c,start,0.00122925205537159
c,r5,0.00121544023452472
c,mrb_funcall_with_block,0.00120853432410128
c,data,0.00118436363761926
c,address,0.00117745772719582
c,lwan,0.0011740047719841
c,null,0.0011740047719841
c,r,0.0011740047719841
c,undefined,0.00117055181677238
c,running,0.00116709886156067
c,usb,0.00116364590634895
c,o,0.00116019295113723
c,gems,0.00114292817507864
c,200,0.00113947521986692
c,struct,0.00113947521986692
c-sharp,git,0.00854526719142417
c-sharp,https,0.00639033965576012
c-sharp,sparkleshare,0.00566550039376403
c-sharp,22,0.00519925243604763
c-sharp,error,0.0049014806311195
c-sharp,c,0.00453710197508904
c-sharp,work,0.00452926587495935
c-sharp,cmd,0.00451359367469998
c-sharp,code,0.00447049512398669
c-sharp,version,0.00419231356938279
c-sharp,issue,0.0039689847156867
c-sharp,project,0.00384752516367654
c-sharp,build,0.00376524611231482
c-sharp,exception,0.00368296706095311
c-sharp,github_com,0.00316970250245858
c-sharp,file,0.00316578445239373
c-sharp,http,0.00311484980155076
c-sharp,message,0.00284450434707655
c-sharp,windows,0.00283666824694686
c-sharp,4,0.00274263504539061
c-sharp,change,0.0025898310928617
c-sharp,string,0.00256632279247264
c-sharp,task,0.00251930619169452
c-sharp,add,0.00247620764098124
c-sharp,type,0.00240568273981405
c-sharp,x,0.00237825638936014
c-sharp,public,0.00237042028923046
c-sharp,object,0.00230773148819296
c-sharp,bug,0.00222153438676639
c-sharp,msbuild,0.00219410803631249
c-sharp,var,0.00212750118521014
c-sharp,bot,0.00204130408378358
c-sharp,fix,0.0020334679836539
c-sharp,14,0.00202954993358905
c-sharp,class,0.00200212358313515
c-sharp,added,0.00195510698235702
c-sharp,unknown,0.00193159868196796
c-sharp,time,0.00192376258183827
c-sharp,files,0.00191984453177343
c-sharp,true,0.00191200843164374
c-sharp,filename,0.00190025428144921
c-sharp,11,0.00189241818131952
c-sharp,behavior,0.00186499183086561
c-sharp,set,0.00183364743034687
c-sharp,problem,0.00182581133021718
c-sharp,master,0.00181405718002265
c-sharp,test,0.00179446692969843
c-sharp,config,0.00176704057924452
c-sharp,3,0.00175136837898515
c-sharp,my_project_folder,0.00175136837898515
c-sharp,ms,0.00172786007859608
c-sharp,reactiveui,0.00172394202853124
c-sharp,property,0.00170435177820702
c-sharp,server,0.00168084347781796
c-sharp,issues,0.00166908932762343
c-sharp,user,0.00166908932762343
c-sharp,stack,0.00166517127755858
c-sharp,0x00000,0.00166125322749374
c-sharp,pr,0.00166125322749374
c-sharp,assets,0.00163774492710468
c-sharp,request,0.00163382687703983
c-sharp,end,0.00162990882697499
c-sharp,make,0.00159072832632655
c-sharp,assembly,0.00158289222619687
c-sharp,notification,0.00157897417613202
c-sharp,cloud_githubusercontent_com,0.00156722002593749
c-sharp,current,0.00156722002593749
c-sharp,35,0.00152803952528905
c-sharp,int32,0.00152412147522421
c-sharp,10,0.00152020342515937
c-sharp,line,0.00152020342515937
c-sharp,net,0.00151628537509452
c-sharp,5,0.00151236732502968
c-sharp,return,0.00150453122489999
c-sharp,null,0.00150061317483515
c-sharp,commit,0.0014966951247703
c-sharp,visual,0.0014692687743164
c-sharp,buildagent,0.00145751462412187
c-sharp,method,0.00145751462412187
c-sharp,open,0.00145359657405702
c-sharp,case,0.00144576047392734
c-sharp,feature,0.00144576047392734
c-sharp,ssh,0.00144576047392734
c-sharp,29495d0a71cf35ac,0.00143792437379765
c-sharp,false,0.00141441607340859
c-sharp,39,0.00141049802334374
c-sharp,failed,0.00141049802334374
c-sharp,home,0.00141049802334374
c-sharp,users,0.00141049802334374
c-sharp,1_0,0.00140266192321405
c-sharp,studio,0.00137915362282499
c-sharp,id,0.0013713175226953
c-sharp,source,0.00136348142256562
c-sharp,pushsharp,0.00135564532243593
c-sharp,06,0.00135172727237109
c-sharp,push,0.00133997312217656
c-sharp,mahapps_metro,0.00133605507211171
c-sharp,$,0.00131646482178749
c-sharp,app,0.00130079262152812
c-sharp,r,0.00129687457146327
go,github_com,0.0151254631885764
go,default,0.0108039022775545
go,dbg,0.0101004992782074
go,src,0.00810062800555367
go,docker,0.00710299107183905
go,c,0.00670301681730831
go,https,0.00624327629485918
go,test,0.00605018527543055
go,o,0.00599961381796114
go,error,0.00564561361567531
go,machine,0.00547550962236913
go,ssh,0.00541114594922626
go,andlabs,0.00528701600816499
go,local,0.00517208087755271
go,ui,0.00513530163575678
go,users,0.00492382099543018
go,command,0.00486405472751179
go,0x0,0.00479049624391993
go,usr,0.00393078146694006
go,version,0.0036457423430216
go,serf,0.00354919683330728
go,run,0.00322737846759289
go,http,0.00307106668996019
go,type,0.00277683275559274
go,bin,0.00277223535036825
go,file,0.00271706648767436
go,vuls,0.00267568984065394
go,err,0.00266189762498046
go,info,0.00260672876228657
go,running,0.00257914433093962
go,peco,0.00241823514808242
go,code,0.00237226109583751
go,x,0.00236766369061302
go,docker_machine,0.00230330001747014
go,exit,0.00217457267118438
go,$,0.00216078045551091
go,nil,0.00211940380849049
go,server,0.00211020899804151
go,output,0.00208722197191905
go,make,0.00207802716147007
go,calling,0.00207342975624558
go,failed,0.00204124791967414
go,issue,0.0020090660831027
go,add,0.00199067646220473
go,pull,0.00195849462563329
go,package,0.00194010500473533
go,br,0.00191252057338838
go,home,0.00189413095249041
go,lib,0.00188033873681694
go,temp,0.00188033873681694
go,00,0.00186194911591898
go,appdata,0.00183896208979652
go,os,0.00182976727934754
go,p,0.00179298803755161
go,cmd,0.00178839063232711
go,3,0.00177919582187813
go,dev,0.00176540360620466
go,10,0.00176080620098017
go,tcp,0.00174701398530669
go,d,0.00172402695918424
go,time,0.00171942955395975
go,set,0.00171023474351076
go,work,0.00164587107036788
go,windows,0.00161828663902094
go,create,0.00159989701812297
go,cobra,0.00159529961289848
go,net,0.0015861048024495
go,found,0.00157690999200051
go,files,0.00154472815542908
go,find,0.00153553334498009
go,ubuntu,0.00153553334498009
go,runtime,0.0015309359397556
go,ip,0.00150794891363315
go,status,0.00150794891363315
go,x86_64_w64_mingw32,0.00150335150840865
go,client,0.00149875410318416
go,config,0.00147576707706171
go,function,0.00147116967183722
go,pr,0.00144358524049027
go,string,0.00142979302481679
go,func,0.00141600080914332
go,host,0.00141600080914332
go,12,0.00141140340391883
go,address,0.00140220859346985
go,html,0.00139301378302086
go,gcc,0.00138841637779637
go,created,0.0013746241621229
go,key,0.0013746241621229
go,undefined,0.0013746241621229
go,text,0.00137002675689841
go,user,0.00134703973077595
go,base,0.00133784492032697
go,issues,0.00133784492032697
go,08,0.00132865010987798
go,build,0.00131026048898002
go,obj_test,0.00131026048898002
go,machines,0.00130566308375553
go,null,0.00130566308375553
go,root,0.00130106567853104
go,0_1,0.00128727346285756
haskell,stack,0.00873109997407025
haskell,build,0.00859507504750245
haskell,type,0.00697127748659942
haskell,x,0.00660145971749323
haskell,https,0.00601910300062486
haskell,cabal,0.00542824472584601
haskell,version,0.00519870266226286
haskell,error,0.00519020110435237
haskell,install,0.00478637710360424
haskell,$,0.00472261541927558
haskell,3,0.00465885373494693
haskell,ghcjs,0.00464185061912595
haskell,package,0.00453133036628962
haskell,code,0.00430603908166171
haskell,github_com,0.00388946274404785
haskell,haskell,0.00379169482807725
haskell,dist,0.00369817769106189
haskell,4,0.00354940042762836
haskell,file,0.0035238957538969
haskell,ghc,0.00335386459568716
haskell,ihaskell,0.00313707486896974
haskell,compiling,0.00311582097419352
haskell,bin,0.00304780851090962
haskell,import,0.00294153903702854
haskell,1_0,0.00271199697344538
haskell,work,0.00267799074180344
haskell,issue,0.0026652384049377
haskell,src,0.00264823528911673
haskell,elm,0.00263123217329576
haskell,main,0.00261422905747478
haskell,users,0.0026057274995643
haskell,list,0.00257597204687759
haskell,function,0.00257172126792235
haskell,home,0.00257172126792235
haskell,5,0.00256321971001186
haskell,nul,0.00245695023613077
haskell,run,0.00240594088866785
haskell,b,0.00239318855180212
haskell,failed,0.00239318855180212
haskell,http,0.00238468699389163
haskell,c,0.00231242375165249
haskell,0_1,0.0022741667410553
haskell,yesod,0.0022741667410553
haskell,module,0.00226991596210005
haskell,make,0.0021763988250847
haskell,case,0.00214239259344275
haskell,test,0.00209988480389031
haskell,warning,0.00207438013015885
haskell,configure,0.00206587857224836
haskell,f,0.00206162779329312
haskell,string,0.00206162779329312
haskell,data,0.00204462467747215
haskell,n,0.00202337078269593
haskell,y,0.00198086299314349
haskell,idris,0.00197236143523301
haskell,@,0.00195110754045679
haskell,system,0.00193410442463581
haskell,line,0.00188309507717289
haskell,issues,0.00187884429821765
haskell,files,0.00185759040344143
haskell,debug,0.00185333962448619
haskell,foo,0.00182358417179948
haskell,process,0.00180658105597851
haskell,usr,0.00178957794015753
haskell,running,0.00177257482433656
haskell,hakyll,0.00176832404538132
haskell,lib,0.00176832404538132
haskell,packages,0.00176832404538132
haskell,found,0.00176407326642607
haskell,problem,0.0017470701506051
haskell,linking,0.00173006703478412
haskell,int,0.00172581625582888
haskell,m,0.00170031158209742
haskell,s,0.00170031158209742
haskell,setup,0.00168330846627645
haskell,text,0.00165780379254498
haskell,stack_work,0.00158979132926109
haskell,library,0.00157703899239536
haskell,loading,0.00157703899239536
haskell,compiler,0.00149627419224573
haskell,git,0.00149627419224573
haskell,checking,0.00148777263433524
haskell,add,0.00148352185538
haskell,change,0.00147076951851427
haskell,store,0.00146651873955902
haskell,output,0.00144526484478281
haskell,find,0.00144101406582756
haskell,6,0.00143251250791708
haskell,10,0.00142826172896183
haskell,local,0.00142826172896183
haskell,return,0.00142401095000659
haskell,var,0.00141125861314086
haskell,9,0.00140700783418561
haskell,project,0.00140700783418561
haskell,building,0.00139425549731988
haskell,directory,0.00137725238149891
haskell,works,0.00136875082358842
haskell,2_0,0.0013474969288122
haskell,cabal_1,0.0013474969288122
haskell,installed,0.00133049381299123
java,https,0.0088143688292378
java,class,0.00714724220083244
java,public,0.00591379378319469
java,string,0.00526609255932098
java,github_com,0.00517034542187878
java,error,0.00482114997944253
java,code,0.00477609250299914
java,method,0.00447195453700627
java,roboguice,0.00434804647678695
java,java,0.00432551773856526
java,version,0.00385241423590968
java,issue,0.00370597743746867
java,android,0.00368344869924698
java,values,0.00363275903824817
java,che,0.00339620728692038
java,info,0.00339057510236495
java,project,0.00326666704214564
java,issues,0.00315402335103717
java,http,0.00313149461281547
java,private,0.0031145980591492
java,pr,0.00299632218348531
java,app,0.00290057504604311
java,failed,0.00274287387849125
java,test,0.00270344858660329
java,request,0.0026583911101599
java,return,0.00261896581827193
java,file,0.00259643708005024
java,add,0.002540115234496
java,true,0.00252321868082973
java,lombok,0.0024668968352755
java,api,0.0024443680970538
java,library,0.0024443680970538
java,user,0.00243873591249838
java,line,0.00243310372794296
java,type,0.00243310372794296
java,void,0.00238804625149957
java,eclipse,0.00238241406694415
java,id,0.00237678188238872
java,pull,0.00233172440594533
java,annotation,0.00229793129861279
java,main,0.00226413819128025
java,e,0.00220781634572602
java,int,0.00220218416117059
java,set,0.00219655197661517
java,build,0.00214023013106093
java,null,0.00210080483917297
java,04,0.00207827610095128
java,work,0.00206137954728501
java,problem,0.00203885080906331
java,view,0.00201068988628619
java,fix,0.00199942551717535
java,swagger,0.00199379333261992
java,run,0.00194310367162111
java,import,0.00192620711795484
java,final,0.00190931056428857
java,data,0.00190367837973315
java,false,0.00184172434962349
java,inject,0.00180229905773552
java,3,0.0017966668731801
java,static,0.00179103468862468
java,androidruntime,0.00175160939673671
java,application,0.00172908065851502
java,time,0.00171218410484875
java,activitythread_java,0.0017009197357379
java,support,0.00166712662840536
java,create,0.00166149444384994
java,compile,0.00163333352107282
java,05_19,0.00161080478285112
java,make,0.00158264386007401
java,find,0.00157701167551858
java,list,0.00156011512185231
java,master,0.00156011512185231
java,google,0.00152632201451977
java,assets,0.00151505764540892
java,cloud_githubusercontent_com,0.00150379327629808
java,change,0.00149816109174265
java,generated,0.00147000016896554
java,12,0.00145873579985469
java,src,0.00145873579985469
java,case,0.00145310361529927
java,classes,0.00145310361529927
java,source,0.00143057487707757
java,native,0.00141931050796673
java,users,0.00137425303152334
java,5,0.00135735647785707
java,found,0.00132919555507995
java,added,0.00132356337052453
java,axis,0.00132356337052453
java,provider,0.0013179311859691
java,dalvikvm,0.00130103463230283
java,@,0.00129540244774741
java,exception,0.00123908060219317
java,permission,0.00123344841763775
java,object,0.0012221840485269
java,4,0.00121655186397148
java,11,0.00121091967941606
java,default,0.00121091967941606
java,jar,0.00119965531030521
java,release,0.00119965531030521
java,d,0.00117712657208351
javascript,function,0.00869764248111696
javascript,https,0.00789388237423284
javascript,lib,0.00686123693889826
javascript,code,0.00546663330973508
javascript,var,0.00504080014052495
javascript,file,0.00477997732438374
javascript,issue,0.00451383159362741
javascript,github_com,0.00437543581363411
javascript,error,0.00429559209440721
javascript,http,0.00413590465595341
javascript,return,0.00413058174133829
javascript,class,0.00392298807134835
javascript,work,0.00392298807134835
javascript,div,0.00390701932750297
javascript,true,0.00378459229135505
javascript,data,0.00363555068213151
javascript,gm,0.00352909238982897
javascript,users,0.00352376947521385
javascript,gems,0.00344924867060207
javascript,$,0.00314051962292473
javascript,id,0.0030553529890827
javascript,js,0.0030553529890827
javascript,require,0.00293824886754992
javascript,page,0.00291163429447428
javascript,javascript,0.0027945301729415
javascript,jplayer,0.00278388434371124
javascript,version,0.00275726977063561
javascript,make,0.00272000936832972
javascript,problem,0.00262951981987257
javascript,works,0.00256032192987592
javascript,add,0.00251241569833978
javascript,time,0.00240595740603725
javascript,3,0.00234740534527086
javascript,user,0.00232079077219522
javascript,err,0.00226223871142883
javascript,working,0.00226223871142883
javascript,issues,0.00219304082143218
javascript,x,0.00219304082143218
javascript,react,0.00218771790681706
javascript,false,0.00217174916297168
javascript,line,0.00210787418759016
javascript,image,0.00210255127297503
javascript,assets,0.00208658252912965
javascript,css,0.00208658252912965
javascript,test,0.00204932212682376
javascript,model,0.00203867629759351
javascript,plugin,0.00202270755374813
javascript,4,0.0019162492614456
javascript,console_log,0.0019162492614456
javascript,react_rails,0.00191092634683047
javascript,set,0.00188963468836996
javascript,change,0.0018576972006792
javascript,support,0.00185237428606408
javascript,app,0.00184172845683382
javascript,sprockets,0.00184172845683382
javascript,object,0.0018364055422187
javascript,5,0.00180979096914306
javascript,rails,0.00175123890837667
javascript,call,0.00171930142068591
javascript,files,0.0016980097622254
javascript,node_modules,0.0016980097622254
javascript,fix,0.00168736393299515
javascript,behavior,0.00165542644530439
javascript,method,0.00163945770145901
javascript,options,0.00163945770145901
javascript,library,0.00162348895761363
javascript,good,0.00160219729915312
javascript,bookshelf,0.001596874384538
javascript,event,0.00157558272607749
javascript,cssnext,0.00157025981146236
javascript,html,0.00152767649454135
javascript,null,0.00151170775069597
javascript,script,0.00151170775069597
javascript,width,0.00150638483608084
javascript,type,0.00149041609223546
javascript,ruby,0.00147977026300521
javascript,src,0.00147444734839008
javascript,block,0.00146912443377496
javascript,case,0.0014584786045447
javascript,option,0.00142654111685394
javascript,pull,0.00139460362916318
javascript,npm,0.0013786348853178
javascript,component,0.00137331197070268
javascript,solution,0.0013573432268573
javascript,2_4,0.00135202031224217
javascript,default,0.00135202031224217
javascript,update,0.00132540573916654
javascript,flash,0.00131475990993628
javascript,items,0.00131475990993628
javascript,prism,0.00131475990993628
javascript,versions,0.00130943699532116
javascript,find,0.00130411408070603
javascript,10,0.00129346825147578
javascript,url,0.00128814533686065
javascript,added,0.0012774995076304
javascript,query,0.00127217659301527
javascript,cloud_githubusercontent_com,0.00125620784916989
javascript,project,0.00125088493455476
javascript,n,0.00124556201993964
javascript,blob,0.00124023910532451
python,lib,0.01138147566719
python,file,0.00957252927696277
python,line,0.00920713112831339
python,python,0.00727638535520309
python,site_packages,0.00697865353037767
python,https,0.00659069994045364
python,import,0.00655010014615926
python,python2_7,0.00545390570021112
python,torch,0.00502986340424764
python,usr,0.00465093199083347
python,home,0.00460582110828416
python,code,0.00450657716667569
python,nn,0.00434417798949819
python,error,0.00411862357675166
python,data,0.00392013569353471
python,github_com,0.00374871433984734
python,true,0.00363593713347408
python,test,0.00341489380898248
python,return,0.00317580613147116
python,http,0.00301340695429365
python,issue,0.00290965192443025
python,call,0.00284198560060629
python,module,0.00278785254154712
python,x,0.0027698081885274
python,print,0.00273371948248796
python,textblob,0.00267507533517386
python,3,0.00252620942276115
python,work,0.00251718724625129
python,class,0.00250365398148649
python,envs,0.00249463180497663
python,users,0.00248560962846677
python,model,0.00243598765766253
python,type,0.00239989895162309
python,local,0.00235027698081885
python,version,0.0023277215395442
python,c,0.00225103303921038
python,tweepy,0.00225103303921038
python,gensim,0.00221494433317093
python,legacy,0.002210433244916
python,miniconda,0.002210433244916
python,eve,0.00220141106840614
python,nimbix,0.00219689998015121
python,py2k,0.00219238889189628
python,add,0.00207510059726809
python,build,0.00207058950901315
python,def,0.00205254515599343
python,make,0.00203901189122864
python,request,0.00200743427344413
python,time,0.00200292318518919
python,seaborn,0.00198487883216947
python,run,0.00195781230263989
python,problem,0.00193525686136524
python,user,0.00193074577311031
python,api,0.00192172359660044
python,id,0.00185856836103142
python,set,0.00183601291975676
python,function,0.00179541312546239
python,00,0.00177736877244266
python,7,0.00175030224291308
python,font,0.00175030224291308
python,app,0.00173225788989336
python,object,0.0017232357133835
python,false,0.00165105830130461
python,traceback,0.00163752503653981
python,sh,0.00162850286002995
python,issues,0.00158790306573558
python,peewee,0.00158339197748065
python,default,0.00156985871271586
python,fix,0.00156534762446092
python,4,0.00156083653620599
python,method,0.00156083653620599
python,recent,0.00156083653620599
python,list,0.00154279218318627
python,case,0.00149317021238203
python,works,0.00146610368285245
python,10,0.00141648171204821
python,s,0.00140294844728342
python,change,0.00139843735902849
python,install,0.0013849040942637
python,text,0.00138039300600877
python,08,0.00134881538822426
python,5,0.00132174885869467
python,02,0.00130821559392988
python,master,0.00130821559392988
python,dist_packages,0.00129919341742002
python,good,0.00129919341742002
python,output,0.00129919341742002
python,found,0.00128566015265523
python,blob,0.00127663797614537
python,copying,0.0012676157996355
python,command,0.00125859362312564
python,exception,0.00124506035836085
python,size,0.00124054927010592
python,y,0.00123152709359606
python,lib_linux_x86_64_2,0.0012225049170862
python,running,0.0012225049170862
python,assets,0.00120897165232141
python,added,0.00118190512279182
python,find,0.00117288294628196
python,database,0.00115934968151717
ruby,gems,0.0279328717736018
ruby,lib,0.025647672526561
ruby,ruby,0.0168418785693775
ruby,https,0.00767316466196599
ruby,wraith,0.00711083814567846
ruby,http,0.00697524168075806
ruby,rvm,0.00601011390103053
ruby,2_3,0.00560332450626934
ruby,gem,0.00545576364738538
ruby,users,0.00536004849567687
ruby,usr,0.00520052324282934
ruby,home,0.00512474874772677
ruby,2_1,0.00508885556583607
ruby,2_0,0.00449861213030023
ruby,local,0.00407587021025428
ruby,error,0.00396420253326102
ruby,rails,0.00381265354305587
ruby,bin,0.0037687840985228
ruby,ruby_2,0.00374884344191686
ruby,file,0.00372491465398973
ruby,github_com,0.00364914015888715
ruby,version,0.00359330632039052
ruby,1_9,0.00346967424943369
ruby,snapping,0.00338193536036755
ruby,versions,0.00327425581469547
ruby,bundle,0.00322241010752002
ruby,mailcatcher,0.00313865934977507
ruby,00,0.00304693232938774
ruby,lolcommits,0.00303097980410299
ruby,issue,0.00293925278371566
ruby,app,0.00281960884408002
ruby,2_2,0.00281562071275883
ruby,run,0.00274782248029863
ruby,twitter,0.00273585808633507
ruby,3,0.00272788182369269
ruby,block,0.00271990556105031
ruby,var,0.00271192929840794
ruby,redacted,0.00268401237915962
ruby,rbenv,0.00267204798519606
ruby,fog,0.00260424975273586
ruby,debug,0.00255240404556041
ruby,end,0.00252049899499091
ruby,call,0.00235299747950101
ruby,c,0.00234502121685863
ruby,5,0.00230115177232556
ruby,config,0.00227323485307724
ruby,vendor,0.00226127045911368
ruby,test,0.00224531793382892
ruby,env,0.00223734167118655
ruby,javascript,0.00222537727722298
ruby,code,0.00221740101458061
ruby,0_0,0.00221341288325942
ruby,false,0.00220942475193823
ruby,work,0.00220942475193823
ruby,authlogic,0.00217353157004754
ruby,method,0.00213763838815685
ruby,1_8,0.0020857926809814
ruby,required,0.00203394697380595
ruby,request,0.0020179944485212
ruby,10,0.00197412500398813
ruby,tags,0.00196614874134576
ruby,user,0.00193823182209744
ruby,dotenv,0.00185846919567368
ruby,localhost,0.00185448106435249
ruby,shots,0.0018504929330313
ruby,ruby_1,0.00180662348849823
ruby,library,0.00179067096321348
ruby,issues,0.00177073030660754
ruby,require,0.00176275404396516
ruby,set,0.00174680151868041
ruby,default,0.00173882525603803
ruby,problem,0.00171888459943209
ruby,active_support,0.00170692020546853
ruby,add,0.00169495581150496
ruby,make,0.00166703889225664
ruby,phantomjs,0.00165108636697189
ruby,load,0.00159924065979645
ruby,path,0.00153543055865744
ruby,19,0.00151947803337268
ruby,api,0.00151548990205149
ruby,capture,0.00146364419487605
ruby,1_1,0.00145566793223367
ruby,class,0.00138786969977347
ruby,true,0.00138388156845229
ruby,install,0.0013798934371311
ruby,24,0.00135995278052516
ruby,9_3,0.00135596464920397
ruby,commit,0.00135596464920397
ruby,fix,0.00134798838656159
ruby,body,0.0013440002552404
ruby,main,0.0013440002552404
ruby,2014_12_12t06,0.00133602399259803
ruby,web_1,0.00133602399259803
ruby,top,0.00133203586127684
ruby,wraith_3,0.00132007146731328
ruby,8000,0.00130411894202852
ruby,restclient,0.00128019015410139
ruby,kvokka,0.00127221389145902
ruby,time,0.00126024949749545
ruby,id,0.0012442969722107
rust,src,0.0134583396340541
rust,cargo,0.0118827529353229
rust,https,0.0107217943152051
rust,github_com,0.00844377887152871
rust,racer,0.00766818046565172
rust,error,0.00635112656887948
rust,registry,0.00632673668190222
rust,rust,0.00610722769910684
rust,string,0.00566333175612064
rust,debug,0.00513651019741175
rust,code,0.00393652775813037
rust,rust_lang,0.00376092057189407
rust,version,0.00375116461710316
rust,http,0.00361945922742594
rust,file,0.00350238776993507
rust,home,0.00349750979253962
rust,build,0.00343897406379419
rust,type,0.00329751271932606
rust,test,0.00328775676453515
rust,8,0.00321946508099881
rust,crate,0.00317068530704429
rust,e,0.00315605137485793
rust,hyper,0.00312190553308976
rust,fn,0.00295117632424891
rust,crates_io_index,0.00294142036945801
rust,rg,0.00282922688936259
rust,mio,0.00282434891196714
rust,std,0.00280971497978078
rust,path,0.00279020307019897
rust,c,0.00274142329624445
rust,request,0.00259020599698541
rust,work,0.00252191431344907
rust,issue,0.00251703633605362
rust,run,0.00249752442647181
rust,x,0.00245362262991273
rust,$,0.00242923274293547
rust,compiling,0.00242923274293547
rust,target,0.00241459881074911
rust,make,0.00238045296898094
rust,time,0.00230728330804915
rust,3,0.00227313746628098
rust,github_com_1ecc6299db9ec823,0.002219479714931
rust,iron,0.002219479714931
rust,lib_rs,0.00219021185055828
rust,rocket,0.00210240825744014
rust,issues,0.00209265230264923
rust,files,0.00206338443827651
rust,thread,0.00199509275474017
rust,rustdir,0.00197558084515836
rust,source,0.00197558084515836
rust,add,0.00196582489036746
rust,tests,0.00192680107120384
rust,response,0.00189265522943567
rust,windows,0.00184387545548114
rust,users,0.00182924152329478
rust,master,0.00181948556850388
rust,server,0.00181948556850388
rust,foo,0.00175119388496754
rust,main,0.00172680399799027
rust,set,0.00166339029184939
rust,0_1,0.00164875635966303
rust,4,0.00160973254049941
rust,lib,0.00159509860831305
rust,result,0.00158046467612669
rust,rustc,0.00154631883435852
rust,struct,0.00153656287956762
rust,git,0.00153168490217216
rust,option,0.00151217299259035
rust,impl,0.0015072950151949
rust,match,0.0015072950151949
rust,ripgrep,0.00149753906040399
rust,commit,0.00148778310561309
rust,t,0.00148778310561309
rust,10,0.00148290512821764
rust,event,0.00147802715082218
rust,dependencies,0.00146827119603128
rust,library,0.00145363726384492
rust,r,0.00145363726384492
rust,change,0.00143900333165856
rust,function,0.00143412535426311
rust,client,0.00142924737686766
rust,support,0.0014243693994722
rust,case,0.00141949142207675
rust,note,0.00140485748989039
rust,problem,0.00140485748989039
rust,piston,0.00139510153509949
rust,pr,0.00139022355770403
rust,release,0.00138534558030858
rust,found,0.00137071164812222
rust,core,0.00136583367072677
rust,line,0.00136583367072677
rust,24,0.00135607771593586
rust,find,0.00135607771593586
rust,package,0.00135119973854041
rust,unwrap,0.00135119973854041
rust,default,0.00131217591937679
rust,running,0.00130241996458588
rust,5,0.00129266400979498
rust,fix,0.00129266400979498
rust,good,0.00128778603239953
swift,https,0.0104397430217102
swift,swift,0.00814133805937085
swift,view,0.00717213114754098
swift,code,0.00517833407177669
swift,project,0.00495680106335844
swift,return,0.00494757052134101
swift,xcode,0.00490141781125388
swift,array,0.0047075764288879
swift,error,0.00459680992467878
swift,issue,0.00455065721459164
swift,users,0.00421835770196426
swift,github_com,0.00404297740363314
swift,work,0.00395067198345887
swift,app,0.00387682764731945
swift,screen,0.00387682764731945
swift,build,0.00381221385319746
swift,assets,0.00369221680697091
swift,cloud_githubusercontent_com,0.00364606409688377
swift,add,0.0035537586767095
swift,version,0.00349837542460493
swift,library,0.0034522227145178
swift,t,0.00344299217250037
swift,controller,0.00340607000443066
swift,func,0.00322145916408211
swift,sqlite_swift,0.00316607591197755
swift,problem,0.00308300103382071
swift,set,0.00306453994978585
swift,ios,0.00297223452961158
swift,function,0.00290762073548959
swift,amethyst,0.00289839019347216
swift,window,0.00287992910943731
swift,sqlite,0.00275993206321075
swift,class,0.0027414709791759
swift,make,0.0027414709791759
swift,var,0.00272300989514104
swift,3,0.00270454881110619
swift,change,0.00254762959680992
swift,added,0.00226148279426968
swift,button,0.00226148279426968
swift,fix,0.00226148279426968
swift,nil,0.00225225225225225
swift,developer,0.00221533008418254
swift,public,0.00221533008418254
swift,file,0.00219686900014769
swift,c,0.0021322552060257
swift,works,0.0021322552060257
swift,carthage,0.00209533303795599
swift,time,0.00209533303795599
swift,user,0.00209533303795599
swift,pull,0.00205841086988628
swift,support,0.00203994978585143
swift,issues,0.00199379707576429
swift,string,0.00199379707576429
swift,update,0.00198456653374686
swift,int,0.00196610544971201
swift,case,0.00194764436567715
swift,working,0.00193841382365973
swift,shot,0.0019291832816423
swift,async,0.00191072219760744
swift,pagemenu,0.00191072219760744
swift,fixed,0.00188303057155516
swift,found,0.00188303057155516
swift,data,0.00187380002953773
swift,menu,0.00185533894550288
swift,alert,0.00184610840348545
swift,pods,0.0018276473194506
swift,run,0.00180918623541574
swift,text,0.00179995569339832
swift,request,0.00179072515138089
swift,bar,0.00178149460936346
swift,line,0.00177226406734603
swift,cocoapods,0.00175380298331118
swift,method,0.00173534189927633
swift,show,0.00171688081524147
swift,pod,0.00170765027322404
swift,windows,0.00169841973120662
swift,type,0.00168918918918919
swift,dollar,0.00167995864717176
swift,expression,0.00167072810515433
swift,xlpagertabstrip,0.00165226702111948
swift,test,0.00164303647910205
swift,table,0.00160611431103234
swift,master,0.00158765322699749
swift,branch,0.00155073105892778
swift,width,0.00154150051691035
swift,find,0.0015230394328755
swift,clang,0.00150457834884064
swift,frame,0.00150457834884064
swift,result,0.00150457834884064
swift,title,0.00148611726480579
swift,check,0.00147688672278836
swift,bool,0.00146765618077093
swift,good,0.00145842563875351
swift,main,0.00144919509673608
swift,4,0.00143073401270123
swift,card,0.00141227292866637
swift,great,0.00141227292866637
swift,image,0.00141227292866637
swift,true,0.00140304238664894
swift,trello,0.00139381184463152
